title,author
"每日必看：<em class=""keyword"">美女</em>热舞合集",灰色的sheep
"刺激，捂住鼻子防止鼻血冒出！韩国性感女神精彩演出，三段爱情小故事-关于xxoo的爱情故事。#做爱做的事##性感<em class=""keyword"">美女</em>##xxoo#",大仙说影
"盘点全网最性感<em class=""keyword"">美女</em>合集 (199)",172号卡分销系统平台
"【<em class=""keyword"">美女</em>，请别影响我学习】4K 最高画质 全结局 全流程通关攻略 真人互动恋爱游戏【完结】",11的游戏世界
看吐了！互联网上的擦边球太恶心了！【土味视频】,棉白有点笨
H罩杯她毁灭性的侧开叉比基尼,咸鱼の精选
"<em class=""keyword"">美女</em>主播被迫玩游戏！错一道就脱件衣服！",cool电影解说
"男人喝醉后，<em class=""keyword"">美女</em>一直挑逗着男人，男人忍不住和<em class=""keyword"">美女</em>热吻",这么瓜皮
"劫匪挟持<em class=""keyword"">美女</em>姐妹花，用妹妹的性命威胁姐姐，竟命令她做任何事！",三毛观察员
"与<em class=""keyword"">美女</em>们登上荒岛三天三夜，阿宅快要崩溃了",黑皮辣妹动漫
小情侣忙活了一夜，一大早醒来又忍不住了,心情有点复杂
"小伙假扮盲人上门按摩，<em class=""keyword"">美女</em>直接脱光，小伙顶不住了",季兄短剧场
"【⚡️福利⚡️】一口气看爽22分钟超长<em class=""keyword"">美女</em>合集",今朝笒卿
只有女生能观看这视频...（男生勿入）,怠惰的小安
"李翰祥的杰作：一本正经男医生帮<em class=""keyword"">美女</em>打针，离谱到让你怀疑人生！",Boys电影
炸奶系女网红  日本擦边女有多离谱,潘点鱼乐
男b友们说想看黑丝，我立马就拍。,唐卡七
"上世纪全球都不好混的原因找到了，帅男<em class=""keyword"">美女</em>都扎堆出生",天韵沧海
"20岁小<em class=""keyword"">美女</em>，手淫频繁，天天挖喷泉，舌苔严重剥落！",中医主任刘洪超
日本著名的心理实验：如果考试时，把你周围的人都换成穿泳装的女生，成绩会提高么？,阿馨原创美文
"让<em class=""keyword"">美女</em>模特乖乖上床，只需要！",90后小妞
"这才是对待霸凌者最解气的方式，让<em class=""keyword"">美女</em>霸凌者一丝不挂躺在自己眼前，拍照发网上！",怖有颜
"<em class=""keyword"">美女</em>热舞合集",灰色的sheep
"爽歪歪！<em class=""keyword"">美女</em>享受全身精油SPA",飞毛腿_摩根
"<em class=""keyword"">美女</em>5选1，你会怎么选？",动物探险家
甜美笑容 傲人身材 致命诱惑,慢手slowhand
"【宅男图鉴18】六一儿童节大合集！人体大百科！<em class=""keyword"">美女</em>为科学献身只为科普雪白的医学知识~【耶嘿·精确5分钟】",耶嘿YeahHey
"<em class=""keyword"">美女</em>按摩被按哭，全程高能",G姐分享会
女秘书搞的老板无心工作，一下班就扑了上去,C8小虫影视
"【⚡️福利⚡️】不可错过的19分钟超长<em class=""keyword"">美女</em>合集！",今朝笒卿
小姨子勾引姐夫，暧昧已经溢屏幕了,個久吐煙圈
"这个<em class=""keyword"">美女</em>好骚啊，按摩小哥顶不住！",美美观影
"哥哥在房间忍辱负重，弟弟却在隔壁<em class=""keyword"">美女</em>怀中享艳福",樱花有动漫
寡妇也是女人啊，没个男人怎么受得了,影视美女收藏馆
"<em class=""keyword"">美女</em>被男人控制脱衣服！",东方鳞
学穿搭，征服她,Misamisaaa_a
身材超棒的韩国泳装小姐姐,不生产水的Barney
没事逗猫玩,南北有笙歌
韩国开放型男女相亲！没有摄像机真的就做了！,宝蓝和玩具门
更衣,YuiLov
"每日必看：<em class=""keyword"">美女</em>热舞合集",灰色的sheep
"清纯烧<em class=""keyword"">美女</em>风 既要又要还要的钓系穿搭",酒酿Lily王
"哥哥在房间忍辱负重，弟弟却在隔壁<em class=""keyword"">美女</em>怀中享艳福",樱花有动漫
"清纯烧<em class=""keyword"">美女</em>风 既要又要还要的钓系穿搭",酒酿Lily王
学穿搭，征服她,Misamisaaa_a
神级大开腿 超拉伸瑜伽,Terry乄Lee
"每日必看：<em class=""keyword"">美女</em>热舞合集",灰色的sheep
一段很纯粹很性感的视频～,酒酿Lily王
"宣！<em class=""keyword"">美女</em>裸体按摩",飞毛腿_摩根
"<em class=""keyword"">美女</em>高中生9片段①",古手小百合
"<em class=""keyword"">美女</em>合集，嗯，以前的",欧姬
"<em class=""keyword"">美女</em>热舞【宋曼可】",A美女收容所
"no one would believe it!【<em class=""keyword"">美女</em>按摩很享受】像音乐舞蹈一样",LucasTric
"【完蛋！我被<em class=""keyword"">美女</em>包围了】4K 最高画质 全结局 全剧情流程通关攻略 真人互动恋爱游戏 完蛋我被女友包围了 正式版【完结】",11的游戏世界
男b友们看完，都觉得很有心机的一集。,唐卡七
他將她后仰前抱起就熱吻，舌吻，摸摸，亲脖脖，热热吻亲，太會了，太刺激了,贪吃大肥猫
"赐福白衣<em class=""keyword"">美女</em>杀手穿胸而过",暂伴月将影-须及
涵涵车上换比基尼教学,一念痴迷
潘春春这身材谁不迷糊啊 正常人谁顶得住...,珺瑶穗月
"恋爱单选题性感<em class=""keyword"">美女</em>精彩合集",夜雪山音
不拿观众当外人的Ainnee大姐姐,爱时尚的小阿满
日本写真女孩,三尺有影WUDAREN
【4K】leezy拍写真的一天,一念痴迷
"什么大不大的！我只想给孩子一个家！全结局【完蛋！我被<em class=""keyword"">美女</em>包围了！】",花少北丶
"<em class=""keyword"">美女</em>合辑",白鸽子-_-
【JKF杂志】2024 8月号 封面女王 | Tiny,Terry乄Lee
超级 大 乃 子 日本写真女孩 #奥村梨穗#,三尺有影WUDAREN
剪衣服挑战：將衬衫剪成一件洋裝 | 黑男邱比特,Terry乄Lee
盘点影视剧中那些身材火辣让人馋涎欲滴的女主角们！,天空の誠
真摸啊……,悦凯航
"小伙一晚拿下三个<em class=""keyword"">美女</em>一血，竟然还不满足",家住米兰的小铁匠
【瑜伽】每日修身学习,头像停更计划
"手撕<em class=""keyword"">美女</em>？老黑死于下手太轻",亿剪梅
写真偶像能美 真奈,YB小狼2
"普女和<em class=""keyword"">美女</em>真的有壁吗？",土豆豆哎
【漂亮女鬼ep.01】半夜遇见女鬼压床！,宝蓝和玩具门
【韩国风尚】车模小姐姐的简约穿搭分享♡Ulael,斑鸠心平气和everyday
VLOG ❤在按摩浴缸里洗个热水澡❤ ——leeesovely,小逸观察
小燃燃限定-棕色蕾丝镂空衣热舞,天才少女李滇滇
"韩国<em class=""keyword"">美女</em>  室内试装 白色抹胸",狮子风神
好刺激…好刺激…,追忆流逝的岁月
"小伙教<em class=""keyword"">美女</em>打台球，突然一个袭吻，女人完全沦陷",账号已注销
身材超棒的韩国泳装小姐姐,不生产水的Barney
“这TM才叫极致诱惑”,七猫馆馆
寡妇也是女人啊，没个男人怎么受得了,影视美女收藏馆
"清纯烧<em class=""keyword"">美女</em>风 既要又要还要的钓系穿搭",酒酿Lily王
学穿搭，征服她,Misamisaaa_a
神级大开腿 超拉伸瑜伽,Terry乄Lee
"每日必看：<em class=""keyword"">美女</em>热舞合集",灰色的sheep
一段很纯粹很性感的视频～,酒酿Lily王
"<em class=""keyword"">美女</em>高中生9片段①",古手小百合
"<em class=""keyword"">美女</em>热舞【宋曼可】",A美女收容所
"宣！<em class=""keyword"">美女</em>裸体按摩",飞毛腿_摩根
"no one would believe it!【<em class=""keyword"">美女</em>按摩很享受】像音乐舞蹈一样",LucasTric
"<em class=""keyword"">美女</em>合集，嗯，以前的",欧姬
"【完蛋！我被<em class=""keyword"">美女</em>包围了】4K 最高画质 全结局 全剧情流程通关攻略 真人互动恋爱游戏 完蛋我被女友包围了 正式版【完结】",11的游戏世界
他將她后仰前抱起就熱吻，舌吻，摸摸，亲脖脖，热热吻亲，太會了，太刺激了,贪吃大肥猫
男b友们看完，都觉得很有心机的一集。,唐卡七
"赐福白衣<em class=""keyword"">美女</em>杀手穿胸而过",暂伴月将影-须及
涵涵车上换比基尼教学,一念痴迷
不拿观众当外人的Ainnee大姐姐,爱时尚的小阿满
"恋爱单选题性感<em class=""keyword"">美女</em>精彩合集",夜雪山音
潘春春这身材谁不迷糊啊 正常人谁顶得住...,珺瑶穗月
日本写真女孩,三尺有影WUDAREN
【4K】leezy拍写真的一天,一念痴迷
【JKF杂志】2024 8月号 封面女王 | Tiny,Terry乄Lee
"什么大不大的！我只想给孩子一个家！全结局【完蛋！我被<em class=""keyword"">美女</em>包围了！】",花少北丶
"<em class=""keyword"">美女</em>合辑",白鸽子-_-
超级 大 乃 子 日本写真女孩 #奥村梨穗#,三尺有影WUDAREN
剪衣服挑战：將衬衫剪成一件洋裝 | 黑男邱比特,Terry乄Lee
盘点影视剧中那些身材火辣让人馋涎欲滴的女主角们！,天空の誠
【瑜伽】每日修身学习,头像停更计划
"小伙一晚拿下三个<em class=""keyword"">美女</em>一血，竟然还不满足",家住米兰的小铁匠
"手撕<em class=""keyword"">美女</em>？老黑死于下手太轻",亿剪梅
真摸啊……,悦凯航
写真偶像能美 真奈,YB小狼2
"普女和<em class=""keyword"">美女</em>真的有壁吗？",土豆豆哎
【漂亮女鬼ep.01】半夜遇见女鬼压床！,宝蓝和玩具门
【韩国风尚】车模小姐姐的简约穿搭分享♡Ulael,斑鸠心平气和everyday
VLOG ❤在按摩浴缸里洗个热水澡❤ ——leeesovely,小逸观察
小燃燃限定-棕色蕾丝镂空衣热舞,天才少女李滇滇
"韩国<em class=""keyword"">美女</em>  室内试装 白色抹胸",狮子风神
"小伙教<em class=""keyword"">美女</em>打台球，突然一个袭吻，女人完全沦陷",账号已注销
好刺激…好刺激…,追忆流逝的岁月
这是我能看的吗？这也太顶了！90,小跟班丶1
“这TM才叫极致诱惑”,七猫馆馆
身材超棒的韩国泳装小姐姐,不生产水的Barney
没事逗猫玩,南北有笙歌
韩国开放型男女相亲！没有摄像机真的就做了！,宝蓝和玩具门
更衣,YuiLov
"每日必看：<em class=""keyword"">美女</em>热舞合集",灰色的sheep
寡妇也是女人啊，没个男人怎么受得了,影视美女收藏馆
"清纯烧<em class=""keyword"">美女</em>风 既要又要还要的钓系穿搭",酒酿Lily王
"<em class=""keyword"">美女</em>热舞【宋曼可】",A美女收容所
"宣！<em class=""keyword"">美女</em>裸体按摩",飞毛腿_摩根
"no one would believe it!【<em class=""keyword"">美女</em>按摩很享受】像音乐舞蹈一样",LucasTric
"<em class=""keyword"">美女</em>合集，嗯，以前的",欧姬
"什么大不大的！我只想给孩子一个家！全结局【完蛋！我被<em class=""keyword"">美女</em>包围了！】",花少北丶
男b友们看完，都觉得很有心机的一集。,唐卡七
他將她后仰前抱起就熱吻，舌吻，摸摸，亲脖脖，热热吻亲，太會了，太刺激了,贪吃大肥猫
一段很纯粹很性感的视频～,酒酿Lily王
"性感大雷泳装<em class=""keyword"">美女</em>23",城南瓜已熟
"赐福白衣<em class=""keyword"">美女</em>杀手穿胸而过",暂伴月将影-须及
涵涵车上换比基尼教学,一念痴迷
不拿观众当外人的Ainnee大姐姐,爱时尚的小阿满
"恋爱单选题性感<em class=""keyword"">美女</em>精彩合集",夜雪山音
潘春春这身材谁不迷糊啊 正常人谁顶得住...,珺瑶穗月
【4K】leezy拍写真的一天,一念痴迷
日本写真女孩,三尺有影WUDAREN
玩的就是尺度！坚决不打马赛克！,快乐小蛋黄
"这谁顶得住？！被甜软<em class=""keyword"">美女</em>撩能做到不心动吗？【on9大挑战】",on9菌
【JKF杂志】2024 8月号 封面女王 | Tiny,Terry乄Lee
"<em class=""keyword"">美女</em>送走朋友后，立即和男朋友热情激吻，哇哇，你们看了千万别流口水，",这么瓜皮
神级大开腿 超拉伸瑜伽,Terry乄Lee
"<em class=""keyword"">美女</em>合辑",白鸽子-_-
超级 大 乃 子 日本写真女孩 #奥村梨穗#,三尺有影WUDAREN
剪衣服挑战：將衬衫剪成一件洋裝 | 黑男邱比特,Terry乄Lee
"【完蛋！我被<em class=""keyword"">美女</em>包围了】4K 最高画质 全结局 全剧情流程通关攻略 真人互动恋爱游戏 完蛋我被女友包围了 正式版【完结】",11的游戏世界
盘点影视剧中那些身材火辣让人馋涎欲滴的女主角们！,天空の誠
"小伙一晚拿下三个<em class=""keyword"">美女</em>一血，竟然还不满足",家住米兰的小铁匠
"两性健康:<em class=""keyword"">美女</em>姐姐谈论女人豆豆被含着的感受，结合6位<em class=""keyword"">美女</em>的真实经历",粉色蜜语
"手撕<em class=""keyword"">美女</em>？老黑死于下手太轻",亿剪梅
真摸啊……,悦凯航
【瑜伽】每日修身学习,头像停更计划
"第一视角 体验周末和<em class=""keyword"">美女</em>up宅一天 ~///❤️",玵木_Anmua-
写真偶像能美 真奈,YB小狼2
"<em class=""keyword"">美女</em>骑脖子(保证有感觉)",香菇芽
【漂亮女鬼ep.01】半夜遇见女鬼压床！,宝蓝和玩具门
学穿搭，征服她,Misamisaaa_a
身材超棒的韩国泳装小姐姐,不生产水的Barney
没事逗猫玩,南北有笙歌
韩国开放型男女相亲！没有摄像机真的就做了！,宝蓝和玩具门
"每日必看：<em class=""keyword"">美女</em>热舞合集",灰色的sheep
"清纯烧<em class=""keyword"">美女</em>风 既要又要还要的钓系穿搭",酒酿Lily王
"<em class=""keyword"">美女</em>合集，嗯，以前的",欧姬
"<em class=""keyword"">美女</em>热舞【宋曼可】",A美女收容所
"no one would believe it!【<em class=""keyword"">美女</em>按摩很享受】像音乐舞蹈一样",LucasTric
"宣！<em class=""keyword"">美女</em>裸体按摩",飞毛腿_摩根
他將她后仰前抱起就熱吻，舌吻，摸摸，亲脖脖，热热吻亲，太會了，太刺激了,贪吃大肥猫
男b友们看完，都觉得很有心机的一集。,唐卡七
一段很纯粹很性感的视频～,酒酿Lily王
"老婆还在门外就和黑丝<em class=""keyword"">美女</em>上司开摸...",阔爱的小兔酱
"性感大雷泳装<em class=""keyword"">美女</em>23",城南瓜已熟
"赐福白衣<em class=""keyword"">美女</em>杀手穿胸而过",暂伴月将影-须及
潘春春这身材谁不迷糊啊 正常人谁顶得住...,珺瑶穗月
"恋爱单选题性感<em class=""keyword"">美女</em>精彩合集",夜雪山音
不拿观众当外人的Ainnee大姐姐,爱时尚的小阿满
日本写真女孩,三尺有影WUDAREN
【4K】leezy拍写真的一天,一念痴迷
"这谁顶得住？！被甜软<em class=""keyword"">美女</em>撩能做到不心动吗？【on9大挑战】",on9菌
"什么大不大的！我只想给孩子一个家！全结局【完蛋！我被<em class=""keyword"">美女</em>包围了！】",花少北丶
"<em class=""keyword"">美女</em>送走朋友后，立即和男朋友热情激吻，哇哇，你们看了千万别流口水，",这么瓜皮
【JKF杂志】2024 8月号 封面女王 | Tiny,Terry乄Lee
"<em class=""keyword"">美女</em>合辑",白鸽子-_-
神级大开腿 超拉伸瑜伽,Terry乄Lee
超级 大 乃 子 日本写真女孩 #奥村梨穗#,三尺有影WUDAREN
"【完蛋！我被<em class=""keyword"">美女</em>包围了】4K 最高画质 全结局 全剧情流程通关攻略 真人互动恋爱游戏 完蛋我被女友包围了 正式版【完结】",11的游戏世界
剪衣服挑战：將衬衫剪成一件洋裝 | 黑男邱比特,Terry乄Lee
盘点影视剧中那些身材火辣让人馋涎欲滴的女主角们！,天空の誠
"两性健康:<em class=""keyword"">美女</em>姐姐谈论女人豆豆被含着的感受，结合6位<em class=""keyword"">美女</em>的真实经历",粉色蜜语
真摸啊……,悦凯航
【瑜伽】每日修身学习,头像停更计划
"小伙一晚拿下三个<em class=""keyword"">美女</em>一血，竟然还不满足",家住米兰的小铁匠
韩模 Yang Yuna | 比基尼泳装写真~虽是科技但很慷慨,Terry乄Lee
写真偶像能美 真奈,YB小狼2
"手撕<em class=""keyword"">美女</em>？老黑死于下手太轻",亿剪梅
"<em class=""keyword"">美女</em>骑脖子(保证有感觉)",香菇芽
【漂亮女鬼ep.01】半夜遇见女鬼压床！,宝蓝和玩具门
【韩国风尚】车模小姐姐的简约穿搭分享♡Ulael,斑鸠心平气和everyday
VLOG ❤在按摩浴缸里洗个热水澡❤ ——leeesovely,小逸观察
"<em class=""keyword"">美女</em>被男人控制脱衣服！",东方鳞
学穿搭，征服她,Misamisaaa_a
没事逗猫玩,南北有笙歌
身材超棒的韩国泳装小姐姐,不生产水的Barney
"每日必看：<em class=""keyword"">美女</em>热舞合集",灰色的sheep
寡妇也是女人啊，没个男人怎么受得了,影视美女收藏馆
"清纯烧<em class=""keyword"">美女</em>风 既要又要还要的钓系穿搭",酒酿Lily王
"危险的玩笑，隔壁<em class=""keyword"">美女</em>的疯狂追求",一坨海海草
好刺激…好刺激…,追忆流逝的岁月
"【欧美人物传】-泳池<em class=""keyword"">美女</em>Tsvetana",你妈喊你来看正能量
"<em class=""keyword"">美女</em>用胸拦车，太厉害了",逍遥东歌
"<em class=""keyword"">美女</em>高中生9片段①",古手小百合
"<em class=""keyword"">美女</em>热舞【宋曼可】",A美女收容所
"<em class=""keyword"">美女</em>合集，嗯，以前的",欧姬
【JKF杂志】2024 8月号 封面女王 | Tiny,Terry乄Lee
男b友们看完，都觉得很有心机的一集。,唐卡七
【4K】leezy拍写真的一天,一念痴迷
真是令人眼前一亮~金色超迷你 比基尼泳装 试穿 | RealassBunny,Terry乄Lee
也绝对是最飒的不知火舞了,MovieGasm
"性感大雷泳装<em class=""keyword"">美女</em>23",城南瓜已熟
"赐福白衣<em class=""keyword"">美女</em>杀手穿胸而过",暂伴月将影-须及
涵涵车上换比基尼教学,一念痴迷
潘春春这身材谁不迷糊啊 正常人谁顶得住...,珺瑶穗月
"恋爱单选题性感<em class=""keyword"">美女</em>精彩合集",夜雪山音
"小伙一晚拿下三个<em class=""keyword"">美女</em>一血，竟然还不满足",家住米兰的小铁匠
日本写真女孩,三尺有影WUDAREN
"小伙教<em class=""keyword"">美女</em>打台球，突然一个袭吻，女人完全沦陷",账号已注销
再不点进来，可就要落后咯,Misamisaaa_a
油亮亮的,喜欢涩涩的叔
"什么大不大的！我只想给孩子一个家！全结局【完蛋！我被<em class=""keyword"">美女</em>包围了！】",花少北丶
"<em class=""keyword"">美女</em>送走朋友后，立即和男朋友热情激吻，哇哇，你们看了千万别流口水，",这么瓜皮
"这谁顶得住？！被甜软<em class=""keyword"">美女</em>撩能做到不心动吗？【on9大挑战】",on9菌
"<em class=""keyword"">美女</em>合辑",白鸽子-_-
写真偶像能美 真奈,YB小狼2
VLOG ❤在按摩浴缸里洗个热水澡❤ ——leeesovely,小逸观察
超级 大 乃 子 日本写真女孩 #奥村梨穗#,三尺有影WUDAREN
剪衣服挑战：將衬衫剪成一件洋裝 | 黑男邱比特,Terry乄Lee
"【完蛋！我被<em class=""keyword"">美女</em>包围了】4K 最高画质 全结局 全剧情流程通关攻略 真人互动恋爱游戏 完蛋我被女友包围了 正式版【完结】",11的游戏世界
神级大开腿 超拉伸瑜伽,Terry乄Lee
学姐黑丝性感美腿 坐压排球~充电wm。坐球视频打包,辣辣sama--双shi版
盘点影视剧中那些身材火辣让人馋涎欲滴的女主角们！,天空の誠
真摸啊……,悦凯航
学穿搭，征服她,Misamisaaa_a
身材超棒的韩国泳装小姐姐,不生产水的Barney
没事逗猫玩,南北有笙歌
韩国开放型男女相亲！没有摄像机真的就做了！,宝蓝和玩具门
"每日必看：<em class=""keyword"">美女</em>热舞合集",灰色的sheep
"清纯烧<em class=""keyword"">美女</em>风 既要又要还要的钓系穿搭",酒酿Lily王
"<em class=""keyword"">美女</em>合集，嗯，以前的",欧姬
"<em class=""keyword"">美女</em>热舞【宋曼可】",A美女收容所
"宣！<em class=""keyword"">美女</em>裸体按摩",飞毛腿_摩根
"no one would believe it!【<em class=""keyword"">美女</em>按摩很享受】像音乐舞蹈一样",LucasTric
他將她后仰前抱起就熱吻，舌吻，摸摸，亲脖脖，热热吻亲，太會了，太刺激了,贪吃大肥猫
男b友们看完，都觉得很有心机的一集。,唐卡七
一段很纯粹很性感的视频～,酒酿Lily王
"老婆还在门外就和黑丝<em class=""keyword"">美女</em>上司开摸...",阔爱的小兔酱
"性感大雷泳装<em class=""keyword"">美女</em>23",城南瓜已熟
"赐福白衣<em class=""keyword"">美女</em>杀手穿胸而过",暂伴月将影-须及
潘春春这身材谁不迷糊啊 正常人谁顶得住...,珺瑶穗月
"恋爱单选题性感<em class=""keyword"">美女</em>精彩合集",夜雪山音
不拿观众当外人的Ainnee大姐姐,爱时尚的小阿满
日本写真女孩,三尺有影WUDAREN
【4K】leezy拍写真的一天,一念痴迷
"这谁顶得住？！被甜软<em class=""keyword"">美女</em>撩能做到不心动吗？【on9大挑战】",on9菌
"<em class=""keyword"">美女</em>送走朋友后，立即和男朋友热情激吻，哇哇，你们看了千万别流口水，",这么瓜皮
【JKF杂志】2024 8月号 封面女王 | Tiny,Terry乄Lee
"什么大不大的！我只想给孩子一个家！全结局【完蛋！我被<em class=""keyword"">美女</em>包围了！】",花少北丶
"<em class=""keyword"">美女</em>合辑",白鸽子-_-
神级大开腿 超拉伸瑜伽,Terry乄Lee
超级 大 乃 子 日本写真女孩 #奥村梨穗#,三尺有影WUDAREN
"【完蛋！我被<em class=""keyword"">美女</em>包围了】4K 最高画质 全结局 全剧情流程通关攻略 真人互动恋爱游戏 完蛋我被女友包围了 正式版【完结】",11的游戏世界
剪衣服挑战：將衬衫剪成一件洋裝 | 黑男邱比特,Terry乄Lee
盘点影视剧中那些身材火辣让人馋涎欲滴的女主角们！,天空の誠
"两性健康:<em class=""keyword"">美女</em>姐姐谈论女人豆豆被含着的感受，结合6位<em class=""keyword"">美女</em>的真实经历",粉色蜜语
真摸啊……,悦凯航
【瑜伽】每日修身学习,头像停更计划
"小伙一晚拿下三个<em class=""keyword"">美女</em>一血，竟然还不满足",家住米兰的小铁匠
韩模 Yang Yuna | 比基尼泳装写真~虽是科技但很慷慨,Terry乄Lee
写真偶像能美 真奈,YB小狼2
"手撕<em class=""keyword"">美女</em>？老黑死于下手太轻",亿剪梅
"<em class=""keyword"">美女</em>骑脖子(保证有感觉)",香菇芽
【漂亮女鬼ep.01】半夜遇见女鬼压床！,宝蓝和玩具门
【韩国风尚】车模小姐姐的简约穿搭分享♡Ulael,斑鸠心平气和everyday
VLOG ❤在按摩浴缸里洗个热水澡❤ ——leeesovely,小逸观察
身材超棒的韩国泳装小姐姐,不生产水的Barney
没事逗猫玩,南北有笙歌
韩国开放型男女相亲！没有摄像机真的就做了！,宝蓝和玩具门
更衣,YuiLov
"每日必看：<em class=""keyword"">美女</em>热舞合集",灰色的sheep
"清纯烧<em class=""keyword"">美女</em>风 既要又要还要的钓系穿搭",酒酿Lily王
"【欧美人物传】-泳池<em class=""keyword"">美女</em>Tsvetana",你妈喊你来看正能量
"<em class=""keyword"">美女</em>用胸拦车，太厉害了",逍遥东歌
"宣！<em class=""keyword"">美女</em>裸体按摩",飞毛腿_摩根
"<em class=""keyword"">美女</em>热舞【宋曼可】",A美女收容所
"no one would believe it!【<em class=""keyword"">美女</em>按摩很享受】像音乐舞蹈一样",LucasTric
"<em class=""keyword"">美女</em>高中生9片段①",古手小百合
"日本变态综艺，日本太太什么部位最敏感 #极致诱惑 #这样的<em class=""keyword"">美女</em>你喜欢吗 #肉肉女神丰满<em class=""keyword"">美女</em>",搞笑综艺208
"拿<em class=""keyword"">美女</em>当靶子比枪法，一枪打掉一件衣服。",冷门经典影视
他將她后仰前抱起就熱吻，舌吻，摸摸，亲脖脖，热热吻亲，太會了，太刺激了,贪吃大肥猫
男b友们看完，都觉得很有心机的一集。,唐卡七
"赐福白衣<em class=""keyword"">美女</em>杀手穿胸而过",暂伴月将影-须及
一段很纯粹很性感的视频～,酒酿Lily王
"性感大雷泳装<em class=""keyword"">美女</em>23",城南瓜已熟
"手撕<em class=""keyword"">美女</em>？老黑死于下手太轻",亿剪梅
潘春春这身材谁不迷糊啊 正常人谁顶得住...,珺瑶穗月
涵涵车上换比基尼教学,一念痴迷
不拿观众当外人的Ainnee大姐姐,爱时尚的小阿满
【漂亮女鬼ep.01】半夜遇见女鬼压床！,宝蓝和玩具门
"恋爱单选题性感<em class=""keyword"">美女</em>精彩合集",夜雪山音
"性感科长和<em class=""keyword"">美女</em>同事都喜欢我，该怎么办呢？",美美观影
日本写真女孩,三尺有影WUDAREN
【4K】leezy拍写真的一天,一念痴迷
【韩国风尚】车模小姐姐的简约穿搭分享♡Ulael,斑鸠心平气和everyday
"<em class=""keyword"">美女</em>送走朋友后，立即和男朋友热情激吻，哇哇，你们看了千万别流口水，",这么瓜皮
神级大开腿 超拉伸瑜伽,Terry乄Lee
"这谁顶得住？！被甜软<em class=""keyword"">美女</em>撩能做到不心动吗？【on9大挑战】",on9菌
"什么大不大的！我只想给孩子一个家！全结局【完蛋！我被<em class=""keyword"">美女</em>包围了！】",花少北丶
【JKF杂志】2024 8月号 封面女王 | Tiny,Terry乄Lee
"<em class=""keyword"">美女</em>合辑",白鸽子-_-
盘点影视剧中那些身材火辣让人馋涎欲滴的女主角们！,天空の誠
"【完蛋！我被<em class=""keyword"">美女</em>包围了】4K 最高画质 全结局 全剧情流程通关攻略 真人互动恋爱游戏 完蛋我被女友包围了 正式版【完结】",11的游戏世界
真摸啊……,悦凯航
震惊！擂台赛女子捂胸落荒而逃,体育大快讯
"小伙一晚拿下三个<em class=""keyword"">美女</em>一血，竟然还不满足",家住米兰的小铁匠
【瑜伽】每日修身学习,头像停更计划
"两性健康:<em class=""keyword"">美女</em>姐姐谈论女人豆豆被含着的感受，结合6位<em class=""keyword"">美女</em>的真实经历",粉色蜜语
寡妇也是女人啊，没个男人怎么受得了,影视美女收藏馆
学穿搭，征服她,Misamisaaa_a
没事逗猫玩,南北有笙歌
身材超棒的韩国泳装小姐姐,不生产水的Barney
"每日必看：<em class=""keyword"">美女</em>热舞合集",灰色的sheep
"清纯烧<em class=""keyword"">美女</em>风 既要又要还要的钓系穿搭",酒酿Lily王
"【欧美人物传】-泳池<em class=""keyword"">美女</em>Tsvetana",你妈喊你来看正能量
好刺激…好刺激…,追忆流逝的岁月
"<em class=""keyword"">美女</em>被男人控制脱衣服！",东方鳞
"<em class=""keyword"">美女</em>用胸拦车，太厉害了",逍遥东歌
"<em class=""keyword"">美女</em>高中生9片段①",古手小百合
"<em class=""keyword"">美女</em>合集，嗯，以前的",欧姬
"<em class=""keyword"">美女</em>热舞【宋曼可】",A美女收容所
【JKF杂志】2024 8月号 封面女王 | Tiny,Terry乄Lee
男b友们看完，都觉得很有心机的一集。,唐卡七
【4K】leezy拍写真的一天,一念痴迷
真是令人眼前一亮~金色超迷你 比基尼泳装 试穿 | RealassBunny,Terry乄Lee
也绝对是最飒的不知火舞了,MovieGasm
"性感大雷泳装<em class=""keyword"">美女</em>23",城南瓜已熟
"赐福白衣<em class=""keyword"">美女</em>杀手穿胸而过",暂伴月将影-须及
涵涵车上换比基尼教学,一念痴迷
潘春春这身材谁不迷糊啊 正常人谁顶得住...,珺瑶穗月
"恋爱单选题性感<em class=""keyword"">美女</em>精彩合集",夜雪山音
"小伙一晚拿下三个<em class=""keyword"">美女</em>一血，竟然还不满足",家住米兰的小铁匠
日本写真女孩,三尺有影WUDAREN
"小伙教<em class=""keyword"">美女</em>打台球，突然一个袭吻，女人完全沦陷",账号已注销
再不点进来，可就要落后咯,Misamisaaa_a
油亮亮的,喜欢涩涩的叔
"这谁顶得住？！被甜软<em class=""keyword"">美女</em>撩能做到不心动吗？【on9大挑战】",on9菌
"什么大不大的！我只想给孩子一个家！全结局【完蛋！我被<em class=""keyword"">美女</em>包围了！】",花少北丶
"<em class=""keyword"">美女</em>送走朋友后，立即和男朋友热情激吻，哇哇，你们看了千万别流口水，",这么瓜皮
"<em class=""keyword"">美女</em>合辑",白鸽子-_-
写真偶像能美 真奈,YB小狼2
VLOG ❤在按摩浴缸里洗个热水澡❤ ——leeesovely,小逸观察
神级大开腿 超拉伸瑜伽,Terry乄Lee
超级 大 乃 子 日本写真女孩 #奥村梨穗#,三尺有影WUDAREN
"【完蛋！我被<em class=""keyword"">美女</em>包围了】4K 最高画质 全结局 全剧情流程通关攻略 真人互动恋爱游戏 完蛋我被女友包围了 正式版【完结】",11的游戏世界
剪衣服挑战：將衬衫剪成一件洋裝 | 黑男邱比特,Terry乄Lee
学姐黑丝性感美腿 坐压排球~充电wm。坐球视频打包,辣辣sama--双shi版
盘点影视剧中那些身材火辣让人馋涎欲滴的女主角们！,天空の誠
"两性健康:<em class=""keyword"">美女</em>姐姐谈论女人豆豆被含着的感受，结合6位<em class=""keyword"">美女</em>的真实经历",粉色蜜语
真摸啊……,悦凯航
学穿搭，征服她,Misamisaaa_a
身材超棒的韩国泳装小姐姐,不生产水的Barney
没事逗猫玩,南北有笙歌
韩国开放型男女相亲！没有摄像机真的就做了！,宝蓝和玩具门
"每日必看：<em class=""keyword"">美女</em>热舞合集",灰色的sheep
寡妇也是女人啊，没个男人怎么受得了,影视美女收藏馆
"<em class=""keyword"">美女</em>用胸拦车，太厉害了",逍遥东歌
"宣！<em class=""keyword"">美女</em>裸体按摩",飞毛腿_摩根
"<em class=""keyword"">美女</em>合集，嗯，以前的",欧姬
"no one would believe it!【<em class=""keyword"">美女</em>按摩很享受】像音乐舞蹈一样",LucasTric
"<em class=""keyword"">美女</em>高中生9片段①",古手小百合
他將她后仰前抱起就熱吻，舌吻，摸摸，亲脖脖，热热吻亲，太會了，太刺激了,贪吃大肥猫
男b友们看完，都觉得很有心机的一集。,唐卡七
"赐福白衣<em class=""keyword"">美女</em>杀手穿胸而过",暂伴月将影-须及
一段很纯粹很性感的视频～,酒酿Lily王
"老婆还在门外就和黑丝<em class=""keyword"">美女</em>上司开摸...",阔爱的小兔酱
"性感大雷泳装<em class=""keyword"">美女</em>23",城南瓜已熟
"恋爱单选题性感<em class=""keyword"">美女</em>精彩合集",夜雪山音
潘春春这身材谁不迷糊啊 正常人谁顶得住...,珺瑶穗月
不拿观众当外人的Ainnee大姐姐,爱时尚的小阿满
【4K】leezy拍写真的一天,一念痴迷
"什么大不大的！我只想给孩子一个家！全结局【完蛋！我被<em class=""keyword"">美女</em>包围了！】",花少北丶
"<em class=""keyword"">美女</em>送走朋友后，立即和男朋友热情激吻，哇哇，你们看了千万别流口水，",这么瓜皮
"<em class=""keyword"">美女</em>合辑",白鸽子-_-
"这谁顶得住？！被甜软<em class=""keyword"">美女</em>撩能做到不心动吗？【on9大挑战】",on9菌
【JKF杂志】2024 8月号 封面女王 | Tiny,Terry乄Lee
神级大开腿 超拉伸瑜伽,Terry乄Lee
超级 大 乃 子 日本写真女孩 #奥村梨穗#,三尺有影WUDAREN
"【完蛋！我被<em class=""keyword"">美女</em>包围了】4K 最高画质 全结局 全剧情流程通关攻略 真人互动恋爱游戏 完蛋我被女友包围了 正式版【完结】",11的游戏世界
盘点影视剧中那些身材火辣让人馋涎欲滴的女主角们！,天空の誠
剪衣服挑战：將衬衫剪成一件洋裝 | 黑男邱比特,Terry乄Lee
真摸啊……,悦凯航
"小伙一晚拿下三个<em class=""keyword"">美女</em>一血，竟然还不满足",家住米兰的小铁匠
【瑜伽】每日修身学习,头像停更计划
"手撕<em class=""keyword"">美女</em>？老黑死于下手太轻",亿剪梅
韩模 Yang Yuna | 比基尼泳装写真~虽是科技但很慷慨,Terry乄Lee
写真偶像能美 真奈,YB小狼2
"两性健康:<em class=""keyword"">美女</em>姐姐谈论女人豆豆被含着的感受，结合6位<em class=""keyword"">美女</em>的真实经历",粉色蜜语
【漂亮女鬼ep.01】半夜遇见女鬼压床！,宝蓝和玩具门
"<em class=""keyword"">美女</em>骑脖子(保证有感觉)",香菇芽
【韩国风尚】车模小姐姐的简约穿搭分享♡Ulael,斑鸠心平气和everyday
VLOG ❤在按摩浴缸里洗个热水澡❤ ——leeesovely,小逸观察
身材超棒的韩国泳装小姐姐,不生产水的Barney
没事逗猫玩,南北有笙歌
韩国开放型男女相亲！没有摄像机真的就做了！,宝蓝和玩具门
更衣,YuiLov
"每日必看：<em class=""keyword"">美女</em>热舞合集",灰色的sheep
寡妇也是女人啊，没个男人怎么受得了,影视美女收藏馆
"清纯烧<em class=""keyword"">美女</em>风 既要又要还要的钓系穿搭",酒酿Lily王
"no one would believe it!【<em class=""keyword"">美女</em>按摩很享受】像音乐舞蹈一样",LucasTric
"宣！<em class=""keyword"">美女</em>裸体按摩",飞毛腿_摩根
"<em class=""keyword"">美女</em>高中生9片段①",古手小百合
"<em class=""keyword"">美女</em>热舞【宋曼可】",A美女收容所
他將她后仰前抱起就熱吻，舌吻，摸摸，亲脖脖，热热吻亲，太會了，太刺激了,贪吃大肥猫
男b友们看完，都觉得很有心机的一集。,唐卡七
一段很纯粹很性感的视频～,酒酿Lily王
"老婆还在门外就和黑丝<em class=""keyword"">美女</em>上司开摸...",阔爱的小兔酱
"性感大雷泳装<em class=""keyword"">美女</em>23",城南瓜已熟
"赐福白衣<em class=""keyword"">美女</em>杀手穿胸而过",暂伴月将影-须及
潘春春这身材谁不迷糊啊 正常人谁顶得住...,珺瑶穗月
不拿观众当外人的Ainnee大姐姐,爱时尚的小阿满
"恋爱单选题性感<em class=""keyword"">美女</em>精彩合集",夜雪山音
【4K】leezy拍写真的一天,一念痴迷
日本写真女孩,三尺有影WUDAREN
"什么大不大的！我只想给孩子一个家！全结局【完蛋！我被<em class=""keyword"">美女</em>包围了！】",花少北丶
"<em class=""keyword"">美女</em>送走朋友后，立即和男朋友热情激吻，哇哇，你们看了千万别流口水，",这么瓜皮
神级大开腿 超拉伸瑜伽,Terry乄Lee
【JKF杂志】2024 8月号 封面女王 | Tiny,Terry乄Lee
"<em class=""keyword"">美女</em>合辑",白鸽子-_-
"这谁顶得住？！被甜软<em class=""keyword"">美女</em>撩能做到不心动吗？【on9大挑战】",on9菌
超级 大 乃 子 日本写真女孩 #奥村梨穗#,三尺有影WUDAREN
"【完蛋！我被<em class=""keyword"">美女</em>包围了】4K 最高画质 全结局 全剧情流程通关攻略 真人互动恋爱游戏 完蛋我被女友包围了 正式版【完结】",11的游戏世界
剪衣服挑战：將衬衫剪成一件洋裝 | 黑男邱比特,Terry乄Lee
盘点影视剧中那些身材火辣让人馋涎欲滴的女主角们！,天空の誠
真摸啊……,悦凯航
【瑜伽】每日修身学习,头像停更计划
"小伙一晚拿下三个<em class=""keyword"">美女</em>一血，竟然还不满足",家住米兰的小铁匠
"手撕<em class=""keyword"">美女</em>？老黑死于下手太轻",亿剪梅
韩模 Yang Yuna | 比基尼泳装写真~虽是科技但很慷慨,Terry乄Lee
写真偶像能美 真奈,YB小狼2
"<em class=""keyword"">美女</em>骑脖子(保证有感觉)",香菇芽
【漂亮女鬼ep.01】半夜遇见女鬼压床！,宝蓝和玩具门
"两性健康:<em class=""keyword"">美女</em>姐姐谈论女人豆豆被含着的感受，结合6位<em class=""keyword"">美女</em>的真实经历",粉色蜜语
【韩国风尚】车模小姐姐的简约穿搭分享♡Ulael,斑鸠心平气和everyday
"<em class=""keyword"">美女</em>合集，嗯，以前的",欧姬
学穿搭，征服她,Misamisaaa_a
身材超棒的韩国泳装小姐姐,不生产水的Barney
没事逗猫玩,南北有笙歌
"每日必看：<em class=""keyword"">美女</em>热舞合集",灰色的sheep
寡妇也是女人啊，没个男人怎么受得了,影视美女收藏馆
"清纯烧<em class=""keyword"">美女</em>风 既要又要还要的钓系穿搭",酒酿Lily王
"<em class=""keyword"">美女</em>热舞【宋曼可】",A美女收容所
"宣！<em class=""keyword"">美女</em>裸体按摩",飞毛腿_摩根
"no one would believe it!【<em class=""keyword"">美女</em>按摩很享受】像音乐舞蹈一样",LucasTric
他將她后仰前抱起就熱吻，舌吻，摸摸，亲脖脖，热热吻亲，太會了，太刺激了,贪吃大肥猫
男b友们看完，都觉得很有心机的一集。,唐卡七
"性感大雷泳装<em class=""keyword"">美女</em>23",城南瓜已熟
一段很纯粹很性感的视频～,酒酿Lily王
"老婆还在门外就和黑丝<em class=""keyword"">美女</em>上司开摸...",阔爱的小兔酱
"赐福白衣<em class=""keyword"">美女</em>杀手穿胸而过",暂伴月将影-须及
不拿观众当外人的Ainnee大姐姐,爱时尚的小阿满
"恋爱单选题性感<em class=""keyword"">美女</em>精彩合集",夜雪山音
潘春春这身材谁不迷糊啊 正常人谁顶得住...,珺瑶穗月
超性感 浴池主题写真 | Ainnee,Terry乄Lee
日本写真女孩,三尺有影WUDAREN
【4K】leezy拍写真的一天,一念痴迷
"这谁顶得住？！被甜软<em class=""keyword"">美女</em>撩能做到不心动吗？【on9大挑战】",on9菌
"<em class=""keyword"">美女</em>送走朋友后，立即和男朋友热情激吻，哇哇，你们看了千万别流口水，",这么瓜皮
【JKF杂志】2024 8月号 封面女王 | Tiny,Terry乄Lee
"<em class=""keyword"">美女</em>合辑",白鸽子-_-
神级大开腿 超拉伸瑜伽,Terry乄Lee
"什么大不大的！我只想给孩子一个家！全结局【完蛋！我被<em class=""keyword"">美女</em>包围了！】",花少北丶
超级 大 乃 子 日本写真女孩 #奥村梨穗#,三尺有影WUDAREN
"【完蛋！我被<em class=""keyword"">美女</em>包围了】4K 最高画质 全结局 全剧情流程通关攻略 真人互动恋爱游戏 完蛋我被女友包围了 正式版【完结】",11的游戏世界
剪衣服挑战：將衬衫剪成一件洋裝 | 黑男邱比特,Terry乄Lee
盘点影视剧中那些身材火辣让人馋涎欲滴的女主角们！,天空の誠
【瑜伽】每日修身学习,头像停更计划
"小伙一晚拿下三个<em class=""keyword"">美女</em>一血，竟然还不满足",家住米兰的小铁匠
"手撕<em class=""keyword"">美女</em>？老黑死于下手太轻",亿剪梅
真摸啊……,悦凯航
写真偶像能美 真奈,YB小狼2
就问你能不能顶地住,废柴80后
【漂亮女鬼ep.01】半夜遇见女鬼压床！,宝蓝和玩具门
"两性健康:<em class=""keyword"">美女</em>姐姐谈论女人豆豆被含着的感受，结合6位<em class=""keyword"">美女</em>的真实经历",粉色蜜语
【韩国风尚】车模小姐姐的简约穿搭分享♡Ulael,斑鸠心平气和everyday
"<em class=""keyword"">美女</em>骑脖子(保证有感觉)",香菇芽
寡妇也是女人啊，没个男人怎么受得了,影视美女收藏馆
"哥哥在房间忍辱负重，弟弟却在隔壁<em class=""keyword"">美女</em>怀中享艳福",樱花有动漫
"清纯烧<em class=""keyword"">美女</em>风 既要又要还要的钓系穿搭",酒酿Lily王
学穿搭，征服她,Misamisaaa_a
"【欧美人物传】-泳池<em class=""keyword"">美女</em>Tsvetana",你妈喊你来看正能量
一段很纯粹很性感的视频～,酒酿Lily王
"每日必看：<em class=""keyword"">美女</em>热舞合集",灰色的sheep
"<em class=""keyword"">美女</em>高中生9片段①",古手小百合
"<em class=""keyword"">美女</em>合集，嗯，以前的",欧姬
"<em class=""keyword"">美女</em>热舞【宋曼可】",A美女收容所
"no one would believe it!【<em class=""keyword"">美女</em>按摩很享受】像音乐舞蹈一样",LucasTric
"宣！<em class=""keyword"">美女</em>裸体按摩",飞毛腿_摩根
"【完蛋！我被<em class=""keyword"">美女</em>包围了】4K 最高画质 全结局 全剧情流程通关攻略 真人互动恋爱游戏 完蛋我被女友包围了 正式版【完结】",11的游戏世界
他將她后仰前抱起就熱吻，舌吻，摸摸，亲脖脖，热热吻亲，太會了，太刺激了,贪吃大肥猫
男b友们看完，都觉得很有心机的一集。,唐卡七
"老婆还在门外就和黑丝<em class=""keyword"">美女</em>上司开摸...",阔爱的小兔酱
"赐福白衣<em class=""keyword"">美女</em>杀手穿胸而过",暂伴月将影-须及
潘春春这身材谁不迷糊啊 正常人谁顶得住...,珺瑶穗月
"恋爱单选题性感<em class=""keyword"">美女</em>精彩合集",夜雪山音
不拿观众当外人的Ainnee大姐姐,爱时尚的小阿满
日本写真女孩,三尺有影WUDAREN
【4K】leezy拍写真的一天,一念痴迷
"什么大不大的！我只想给孩子一个家！全结局【完蛋！我被<em class=""keyword"">美女</em>包围了！】",花少北丶
【JKF杂志】2024 8月号 封面女王 | Tiny,Terry乄Lee
"<em class=""keyword"">美女</em>合辑",白鸽子-_-
神级大开腿 超拉伸瑜伽,Terry乄Lee
超级 大 乃 子 日本写真女孩 #奥村梨穗#,三尺有影WUDAREN
剪衣服挑战：將衬衫剪成一件洋裝 | 黑男邱比特,Terry乄Lee
盘点影视剧中那些身材火辣让人馋涎欲滴的女主角们！,天空の誠
真摸啊……,悦凯航
【瑜伽】每日修身学习,头像停更计划
"小伙一晚拿下三个<em class=""keyword"">美女</em>一血，竟然还不满足",家住米兰的小铁匠
韩模 Yang Yuna | 比基尼泳装写真~虽是科技但很慷慨,Terry乄Lee
写真偶像能美 真奈,YB小狼2
"手撕<em class=""keyword"">美女</em>？老黑死于下手太轻",亿剪梅
"普女和<em class=""keyword"">美女</em>真的有壁吗？",土豆豆哎
【漂亮女鬼ep.01】半夜遇见女鬼压床！,宝蓝和玩具门
【韩国风尚】车模小姐姐的简约穿搭分享♡Ulael,斑鸠心平气和everyday
VLOG ❤在按摩浴缸里洗个热水澡❤ ——leeesovely,小逸观察
"韩国<em class=""keyword"">美女</em>  室内试装 白色抹胸",狮子风神
"男子一直盯着<em class=""keyword"">美女</em>，忍不住强吻了<em class=""keyword"">美女</em>，<em class=""keyword"">美女</em>也主动配合",这么瓜皮
这是MAX ASIA送给粉丝们的感谢礼物 | 性感内衣写真PV,Terry乄Lee
身材超棒的韩国泳装小姐姐,不生产水的Barney
没事逗猫玩,南北有笙歌
韩国开放型男女相亲！没有摄像机真的就做了！,宝蓝和玩具门
更衣,YuiLov
"每日必看：<em class=""keyword"">美女</em>热舞合集",灰色的sheep
寡妇也是女人啊，没个男人怎么受得了,影视美女收藏馆
"清纯烧<em class=""keyword"">美女</em>风 既要又要还要的钓系穿搭",酒酿Lily王
"<em class=""keyword"">美女</em>高中生9片段①",古手小百合
"<em class=""keyword"">美女</em>热舞【宋曼可】",A美女收容所
"宣！<em class=""keyword"">美女</em>裸体按摩",飞毛腿_摩根
"no one would believe it!【<em class=""keyword"">美女</em>按摩很享受】像音乐舞蹈一样",LucasTric
"<em class=""keyword"">美女</em>合集，嗯，以前的",欧姬
男b友们看完，都觉得很有心机的一集。,唐卡七
他將她后仰前抱起就熱吻，舌吻，摸摸，亲脖脖，热热吻亲，太會了，太刺激了,贪吃大肥猫
"性感大雷泳装<em class=""keyword"">美女</em>23",城南瓜已熟
一段很纯粹很性感的视频～,酒酿Lily王
"老婆还在门外就和黑丝<em class=""keyword"">美女</em>上司开摸...",阔爱的小兔酱
"赐福白衣<em class=""keyword"">美女</em>杀手穿胸而过",暂伴月将影-须及
不拿观众当外人的Ainnee大姐姐,爱时尚的小阿满
潘春春这身材谁不迷糊啊 正常人谁顶得住...,珺瑶穗月
"恋爱单选题性感<em class=""keyword"">美女</em>精彩合集",夜雪山音
【4K】leezy拍写真的一天,一念痴迷
日本写真女孩,三尺有影WUDAREN
"这谁顶得住？！被甜软<em class=""keyword"">美女</em>撩能做到不心动吗？【on9大挑战】",on9菌
【JKF杂志】2024 8月号 封面女王 | Tiny,Terry乄Lee
"<em class=""keyword"">美女</em>送走朋友后，立即和男朋友热情激吻，哇哇，你们看了千万别流口水，",这么瓜皮
神级大开腿 超拉伸瑜伽,Terry乄Lee
"<em class=""keyword"">美女</em>合辑",白鸽子-_-
"什么大不大的！我只想给孩子一个家！全结局【完蛋！我被<em class=""keyword"">美女</em>包围了！】",花少北丶
超级 大 乃 子 日本写真女孩 #奥村梨穗#,三尺有影WUDAREN
剪衣服挑战：將衬衫剪成一件洋裝 | 黑男邱比特,Terry乄Lee
"【完蛋！我被<em class=""keyword"">美女</em>包围了】4K 最高画质 全结局 全剧情流程通关攻略 真人互动恋爱游戏 完蛋我被女友包围了 正式版【完结】",11的游戏世界
盘点影视剧中那些身材火辣让人馋涎欲滴的女主角们！,天空の誠
"小伙一晚拿下三个<em class=""keyword"">美女</em>一血，竟然还不满足",家住米兰的小铁匠
"手撕<em class=""keyword"">美女</em>？老黑死于下手太轻",亿剪梅
真摸啊……,悦凯航
【瑜伽】每日修身学习,头像停更计划
写真偶像能美 真奈,YB小狼2
就问你能不能顶地住,废柴80后
"两性健康:<em class=""keyword"">美女</em>姐姐谈论女人豆豆被含着的感受，结合6位<em class=""keyword"">美女</em>的真实经历",粉色蜜语
【漂亮女鬼ep.01】半夜遇见女鬼压床！,宝蓝和玩具门
【韩国风尚】车模小姐姐的简约穿搭分享♡Ulael,斑鸠心平气和everyday
没事逗猫玩,南北有笙歌
韩国开放型男女相亲！没有摄像机真的就做了！,宝蓝和玩具门
更衣,YuiLov
"【写真】满足你对<em class=""keyword"">美女</em>的所有幻想!",泠泠云那
"每日必看：<em class=""keyword"">美女</em>热舞合集",灰色的sheep
寡妇也是女人啊，没个男人怎么受得了,影视美女收藏馆
"清纯烧<em class=""keyword"">美女</em>风 既要又要还要的钓系穿搭",酒酿Lily王
"<em class=""keyword"">美女</em>合集，嗯，以前的",欧姬
"<em class=""keyword"">美女</em>高中生9片段①",古手小百合
"no one would believe it!【<em class=""keyword"">美女</em>按摩很享受】像音乐舞蹈一样",LucasTric
"<em class=""keyword"">美女</em>热舞【宋曼可】",A美女收容所
他將她后仰前抱起就熱吻，舌吻，摸摸，亲脖脖，热热吻亲，太會了，太刺激了,贪吃大肥猫
男b友们看完，都觉得很有心机的一集。,唐卡七
一段很纯粹很性感的视频～,酒酿Lily王
"老婆还在门外就和黑丝<em class=""keyword"">美女</em>上司开摸...",阔爱的小兔酱
"赐福白衣<em class=""keyword"">美女</em>杀手穿胸而过",暂伴月将影-须及
"性感大雷泳装<em class=""keyword"">美女</em>23",城南瓜已熟
不拿观众当外人的Ainnee大姐姐,爱时尚的小阿满
"恋爱单选题性感<em class=""keyword"">美女</em>精彩合集",夜雪山音
潘春春这身材谁不迷糊啊 正常人谁顶得住...,珺瑶穗月
日本写真女孩,三尺有影WUDAREN
【4K】leezy拍写真的一天,一念痴迷
"什么大不大的！我只想给孩子一个家！全结局【完蛋！我被<em class=""keyword"">美女</em>包围了！】",花少北丶
"这谁顶得住？！被甜软<em class=""keyword"">美女</em>撩能做到不心动吗？【on9大挑战】",on9菌
"<em class=""keyword"">美女</em>送走朋友后，立即和男朋友热情激吻，哇哇，你们看了千万别流口水，",这么瓜皮
神级大开腿 超拉伸瑜伽,Terry乄Lee
【JKF杂志】2024 8月号 封面女王 | Tiny,Terry乄Lee
"<em class=""keyword"">美女</em>合辑",白鸽子-_-
超级 大 乃 子 日本写真女孩 #奥村梨穗#,三尺有影WUDAREN
"【完蛋！我被<em class=""keyword"">美女</em>包围了】4K 最高画质 全结局 全剧情流程通关攻略 真人互动恋爱游戏 完蛋我被女友包围了 正式版【完结】",11的游戏世界
剪衣服挑战：將衬衫剪成一件洋裝 | 黑男邱比特,Terry乄Lee
盘点影视剧中那些身材火辣让人馋涎欲滴的女主角们！,天空の誠
"两性健康:<em class=""keyword"">美女</em>姐姐谈论女人豆豆被含着的感受，结合6位<em class=""keyword"">美女</em>的真实经历",粉色蜜语
"小伙一晚拿下三个<em class=""keyword"">美女</em>一血，竟然还不满足",家住米兰的小铁匠
【瑜伽】每日修身学习,头像停更计划
"手撕<em class=""keyword"">美女</em>？老黑死于下手太轻",亿剪梅
真摸啊……,悦凯航
韩模 Yang Yuna | 比基尼泳装写真~虽是科技但很慷慨,Terry乄Lee
写真偶像能美 真奈,YB小狼2
"<em class=""keyword"">美女</em>骑脖子(保证有感觉)",香菇芽
【漂亮女鬼ep.01】半夜遇见女鬼压床！,宝蓝和玩具门
【韩国风尚】车模小姐姐的简约穿搭分享♡Ulael,斑鸠心平气和everyday
身材超棒的韩国泳装小姐姐,不生产水的Barney
没事逗猫玩,南北有笙歌
韩国开放型男女相亲！没有摄像机真的就做了！,宝蓝和玩具门
更衣,YuiLov
"每日必看：<em class=""keyword"">美女</em>热舞合集",灰色的sheep
"清纯烧<em class=""keyword"">美女</em>风 既要又要还要的钓系穿搭",酒酿Lily王
"<em class=""keyword"">美女</em>合集，嗯，以前的",欧姬
"<em class=""keyword"">美女</em>高中生9片段①",古手小百合
"no one would believe it!【<em class=""keyword"">美女</em>按摩很享受】像音乐舞蹈一样",LucasTric
"<em class=""keyword"">美女</em>热舞【宋曼可】",A美女收容所
男b友们看完，都觉得很有心机的一集。,唐卡七
他將她后仰前抱起就熱吻，舌吻，摸摸，亲脖脖，热热吻亲，太會了，太刺激了,贪吃大肥猫
一段很纯粹很性感的视频～,酒酿Lily王
"赐福白衣<em class=""keyword"">美女</em>杀手穿胸而过",暂伴月将影-须及
"性感大雷泳装<em class=""keyword"">美女</em>23",城南瓜已熟
不拿观众当外人的Ainnee大姐姐,爱时尚的小阿满
"恋爱单选题性感<em class=""keyword"">美女</em>精彩合集",夜雪山音
潘春春这身材谁不迷糊啊 正常人谁顶得住...,珺瑶穗月
日本写真女孩,三尺有影WUDAREN
【4K】leezy拍写真的一天,一念痴迷
"什么大不大的！我只想给孩子一个家！全结局【完蛋！我被<em class=""keyword"">美女</em>包围了！】",花少北丶
"这谁顶得住？！被甜软<em class=""keyword"">美女</em>撩能做到不心动吗？【on9大挑战】",on9菌
"<em class=""keyword"">美女</em>送走朋友后，立即和男朋友热情激吻，哇哇，你们看了千万别流口水，",这么瓜皮
神级大开腿 超拉伸瑜伽,Terry乄Lee
【JKF杂志】2024 8月号 封面女王 | Tiny,Terry乄Lee
"<em class=""keyword"">美女</em>合辑",白鸽子-_-
超级 大 乃 子 日本写真女孩 #奥村梨穗#,三尺有影WUDAREN
"【完蛋！我被<em class=""keyword"">美女</em>包围了】4K 最高画质 全结局 全剧情流程通关攻略 真人互动恋爱游戏 完蛋我被女友包围了 正式版【完结】",11的游戏世界
剪衣服挑战：將衬衫剪成一件洋裝 | 黑男邱比特,Terry乄Lee
盘点影视剧中那些身材火辣让人馋涎欲滴的女主角们！,天空の誠
"两性健康:<em class=""keyword"">美女</em>姐姐谈论女人豆豆被含着的感受，结合6位<em class=""keyword"">美女</em>的真实经历",粉色蜜语
"小伙一晚拿下三个<em class=""keyword"">美女</em>一血，竟然还不满足",家住米兰的小铁匠
【瑜伽】每日修身学习,头像停更计划
真摸啊……,悦凯航
"手撕<em class=""keyword"">美女</em>？老黑死于下手太轻",亿剪梅
写真偶像能美 真奈,YB小狼2
"<em class=""keyword"">美女</em>骑脖子(保证有感觉)",香菇芽
【漂亮女鬼ep.01】半夜遇见女鬼压床！,宝蓝和玩具门
【韩国风尚】车模小姐姐的简约穿搭分享♡Ulael,斑鸠心平气和everyday
VLOG ❤在按摩浴缸里洗个热水澡❤ ——leeesovely,小逸观察
"韩国<em class=""keyword"">美女</em>  室内试装 白色抹胸",狮子风神
好刺激…好刺激…,追忆流逝的岁月
"<em class=""keyword"">美女</em>被男人控制脱衣服！",东方鳞
学穿搭，征服她,Misamisaaa_a
身材超棒的韩国泳装小姐姐,不生产水的Barney
没事逗猫玩,南北有笙歌
"每日必看：<em class=""keyword"">美女</em>热舞合集",灰色的sheep
"清纯烧<em class=""keyword"">美女</em>风 既要又要还要的钓系穿搭",酒酿Lily王
"【欧美人物传】-泳池<em class=""keyword"">美女</em>Tsvetana",你妈喊你来看正能量
一段很纯粹很性感的视频～,酒酿Lily王
"<em class=""keyword"">美女</em>用胸拦车，太厉害了",逍遥东歌
"<em class=""keyword"">美女</em>高中生9片段①",古手小百合
"<em class=""keyword"">美女</em>热舞【宋曼可】",A美女收容所
"宣！<em class=""keyword"">美女</em>裸体按摩",飞毛腿_摩根
"no one would believe it!【<em class=""keyword"">美女</em>按摩很享受】像音乐舞蹈一样",LucasTric
"日本变态综艺，日本太太什么部位最敏感 #极致诱惑 #这样的<em class=""keyword"">美女</em>你喜欢吗 #肉肉女神丰满<em class=""keyword"">美女</em>",搞笑综艺208
"拿<em class=""keyword"">美女</em>当靶子比枪法，一枪打掉一件衣服。",冷门经典影视
他將她后仰前抱起就熱吻，舌吻，摸摸，亲脖脖，热热吻亲，太會了，太刺激了,贪吃大肥猫
男b友们看完，都觉得很有心机的一集。,唐卡七
"性感大雷泳装<em class=""keyword"">美女</em>23",城南瓜已熟
"老婆还在门外就和黑丝<em class=""keyword"">美女</em>上司开摸...",阔爱的小兔酱
"手撕<em class=""keyword"">美女</em>？老黑死于下手太轻",亿剪梅
"赐福白衣<em class=""keyword"">美女</em>杀手穿胸而过",暂伴月将影-须及
【漂亮女鬼ep.01】半夜遇见女鬼压床！,宝蓝和玩具门
潘春春这身材谁不迷糊啊 正常人谁顶得住...,珺瑶穗月
不拿观众当外人的Ainnee大姐姐,爱时尚的小阿满
"恋爱单选题性感<em class=""keyword"">美女</em>精彩合集",夜雪山音
超性感 浴池主题写真 | Ainnee,Terry乄Lee
"性感科长和<em class=""keyword"">美女</em>同事都喜欢我，该怎么办呢？",美美观影
日本写真女孩,三尺有影WUDAREN
【4K】leezy拍写真的一天,一念痴迷
【韩国风尚】车模小姐姐的简约穿搭分享♡Ulael,斑鸠心平气和everyday
"这谁顶得住？！被甜软<em class=""keyword"">美女</em>撩能做到不心动吗？【on9大挑战】",on9菌
"<em class=""keyword"">美女</em>送走朋友后，立即和男朋友热情激吻，哇哇，你们看了千万别流口水，",这么瓜皮
"什么大不大的！我只想给孩子一个家！全结局【完蛋！我被<em class=""keyword"">美女</em>包围了！】",花少北丶
【JKF杂志】2024 8月号 封面女王 | Tiny,Terry乄Lee
神级大开腿 超拉伸瑜伽,Terry乄Lee
"<em class=""keyword"">美女</em>合辑",白鸽子-_-
"【完蛋！我被<em class=""keyword"">美女</em>包围了】4K 最高画质 全结局 全剧情流程通关攻略 真人互动恋爱游戏 完蛋我被女友包围了 正式版【完结】",11的游戏世界
盘点影视剧中那些身材火辣让人馋涎欲滴的女主角们！,天空の誠
真摸啊……,悦凯航
【瑜伽】每日修身学习,头像停更计划
震惊！擂台赛女子捂胸落荒而逃,体育大快讯
"小伙一晚拿下三个<em class=""keyword"">美女</em>一血，竟然还不满足",家住米兰的小铁匠
身材超棒的韩国泳装小姐姐,不生产水的Barney
没事逗猫玩,南北有笙歌
韩国开放型男女相亲！没有摄像机真的就做了！,宝蓝和玩具门
更衣,YuiLov
"每日必看：<em class=""keyword"">美女</em>热舞合集",灰色的sheep
"清纯烧<em class=""keyword"">美女</em>风 既要又要还要的钓系穿搭",酒酿Lily王
"<em class=""keyword"">美女</em>用胸拦车，太厉害了",逍遥东歌
"【欧美人物传】-泳池<em class=""keyword"">美女</em>Tsvetana",你妈喊你来看正能量
"宣！<em class=""keyword"">美女</em>裸体按摩",飞毛腿_摩根
"<em class=""keyword"">美女</em>高中生9片段①",古手小百合
"<em class=""keyword"">美女</em>热舞【宋曼可】",A美女收容所
"no one would believe it!【<em class=""keyword"">美女</em>按摩很享受】像音乐舞蹈一样",LucasTric
"日本变态综艺，日本太太什么部位最敏感 #极致诱惑 #这样的<em class=""keyword"">美女</em>你喜欢吗 #肉肉女神丰满<em class=""keyword"">美女</em>",搞笑综艺208
"拿<em class=""keyword"">美女</em>当靶子比枪法，一枪打掉一件衣服。",冷门经典影视
男b友们看完，都觉得很有心机的一集。,唐卡七
他將她后仰前抱起就熱吻，舌吻，摸摸，亲脖脖，热热吻亲，太會了，太刺激了,贪吃大肥猫
"性感大雷泳装<em class=""keyword"">美女</em>23",城南瓜已熟
一段很纯粹很性感的视频～,酒酿Lily王
"手撕<em class=""keyword"">美女</em>？老黑死于下手太轻",亿剪梅
"赐福白衣<em class=""keyword"">美女</em>杀手穿胸而过",暂伴月将影-须及
涵涵车上换比基尼教学,一念痴迷
潘春春这身材谁不迷糊啊 正常人谁顶得住...,珺瑶穗月
"恋爱单选题性感<em class=""keyword"">美女</em>精彩合集",夜雪山音
不拿观众当外人的Ainnee大姐姐,爱时尚的小阿满
【漂亮女鬼ep.01】半夜遇见女鬼压床！,宝蓝和玩具门
日本写真女孩,三尺有影WUDAREN
"性感科长和<em class=""keyword"">美女</em>同事都喜欢我，该怎么办呢？",美美观影
【4K】leezy拍写真的一天,一念痴迷
【韩国风尚】车模小姐姐的简约穿搭分享♡Ulael,斑鸠心平气和everyday
"这谁顶得住？！被甜软<em class=""keyword"">美女</em>撩能做到不心动吗？【on9大挑战】",on9菌
"<em class=""keyword"">美女</em>送走朋友后，立即和男朋友热情激吻，哇哇，你们看了千万别流口水，",这么瓜皮
"什么大不大的！我只想给孩子一个家！全结局【完蛋！我被<em class=""keyword"">美女</em>包围了！】",花少北丶
神级大开腿 超拉伸瑜伽,Terry乄Lee
"<em class=""keyword"">美女</em>合辑",白鸽子-_-
【JKF杂志】2024 8月号 封面女王 | Tiny,Terry乄Lee
"【完蛋！我被<em class=""keyword"">美女</em>包围了】4K 最高画质 全结局 全剧情流程通关攻略 真人互动恋爱游戏 完蛋我被女友包围了 正式版【完结】",11的游戏世界
盘点影视剧中那些身材火辣让人馋涎欲滴的女主角们！,天空の誠
真摸啊……,悦凯航
震惊！擂台赛女子捂胸落荒而逃,体育大快讯
"小伙一晚拿下三个<em class=""keyword"">美女</em>一血，竟然还不满足",家住米兰的小铁匠
【瑜伽】每日修身学习,头像停更计划
写真偶像能美 真奈,YB小狼2
身材超棒的韩国泳装小姐姐,不生产水的Barney
没事逗猫玩,南北有笙歌
韩国开放型男女相亲！没有摄像机真的就做了！,宝蓝和玩具门
更衣,YuiLov
"每日必看：<em class=""keyword"">美女</em>热舞合集",灰色的sheep
"清纯烧<em class=""keyword"">美女</em>风 既要又要还要的钓系穿搭",酒酿Lily王
"<em class=""keyword"">美女</em>高中生9片段①",古手小百合
"<em class=""keyword"">美女</em>热舞【宋曼可】",A美女收容所
"no one would believe it!【<em class=""keyword"">美女</em>按摩很享受】像音乐舞蹈一样",LucasTric
"<em class=""keyword"">美女</em>合集，嗯，以前的",欧姬
他將她后仰前抱起就熱吻，舌吻，摸摸，亲脖脖，热热吻亲，太會了，太刺激了,贪吃大肥猫
男b友们看完，都觉得很有心机的一集。,唐卡七
一段很纯粹很性感的视频～,酒酿Lily王
"老婆还在门外就和黑丝<em class=""keyword"">美女</em>上司开摸...",阔爱的小兔酱
"赐福白衣<em class=""keyword"">美女</em>杀手穿胸而过",暂伴月将影-须及
"性感大雷泳装<em class=""keyword"">美女</em>23",城南瓜已熟
"恋爱单选题性感<em class=""keyword"">美女</em>精彩合集",夜雪山音
不拿观众当外人的Ainnee大姐姐,爱时尚的小阿满
潘春春这身材谁不迷糊啊 正常人谁顶得住...,珺瑶穗月
日本写真女孩,三尺有影WUDAREN
【4K】leezy拍写真的一天,一念痴迷
"<em class=""keyword"">美女</em>送走朋友后，立即和男朋友热情激吻，哇哇，你们看了千万别流口水，",这么瓜皮
神级大开腿 超拉伸瑜伽,Terry乄Lee
【JKF杂志】2024 8月号 封面女王 | Tiny,Terry乄Lee
"<em class=""keyword"">美女</em>合辑",白鸽子-_-
"这谁顶得住？！被甜软<em class=""keyword"">美女</em>撩能做到不心动吗？【on9大挑战】",on9菌
"什么大不大的！我只想给孩子一个家！全结局【完蛋！我被<em class=""keyword"">美女</em>包围了！】",花少北丶
超级 大 乃 子 日本写真女孩 #奥村梨穗#,三尺有影WUDAREN
"【完蛋！我被<em class=""keyword"">美女</em>包围了】4K 最高画质 全结局 全剧情流程通关攻略 真人互动恋爱游戏 完蛋我被女友包围了 正式版【完结】",11的游戏世界
剪衣服挑战：將衬衫剪成一件洋裝 | 黑男邱比特,Terry乄Lee
盘点影视剧中那些身材火辣让人馋涎欲滴的女主角们！,天空の誠
"小伙一晚拿下三个<em class=""keyword"">美女</em>一血，竟然还不满足",家住米兰的小铁匠
【瑜伽】每日修身学习,头像停更计划
韩模 Yang Yuna | 比基尼泳装写真~虽是科技但很慷慨,Terry乄Lee
真摸啊……,悦凯航
写真偶像能美 真奈,YB小狼2
"手撕<em class=""keyword"">美女</em>？老黑死于下手太轻",亿剪梅
"<em class=""keyword"">美女</em>骑脖子(保证有感觉)",香菇芽
【漂亮女鬼ep.01】半夜遇见女鬼压床！,宝蓝和玩具门
【韩国风尚】车模小姐姐的简约穿搭分享♡Ulael,斑鸠心平气和everyday
"两性健康:<em class=""keyword"">美女</em>姐姐谈论女人豆豆被含着的感受，结合6位<em class=""keyword"">美女</em>的真实经历",粉色蜜语
VLOG ❤在按摩浴缸里洗个热水澡❤ ——leeesovely,小逸观察
学穿搭，征服她,Misamisaaa_a
身材超棒的韩国泳装小姐姐,不生产水的Barney
没事逗猫玩,南北有笙歌
韩国开放型男女相亲！没有摄像机真的就做了！,宝蓝和玩具门
"每日必看：<em class=""keyword"">美女</em>热舞合集",灰色的sheep
"清纯烧<em class=""keyword"">美女</em>风 既要又要还要的钓系穿搭",酒酿Lily王
"<em class=""keyword"">美女</em>合集，嗯，以前的",欧姬
"<em class=""keyword"">美女</em>热舞【宋曼可】",A美女收容所
"宣！<em class=""keyword"">美女</em>裸体按摩",飞毛腿_摩根
"no one would believe it!【<em class=""keyword"">美女</em>按摩很享受】像音乐舞蹈一样",LucasTric
他將她后仰前抱起就熱吻，舌吻，摸摸，亲脖脖，热热吻亲，太會了，太刺激了,贪吃大肥猫
男b友们看完，都觉得很有心机的一集。,唐卡七
"赐福白衣<em class=""keyword"">美女</em>杀手穿胸而过",暂伴月将影-须及
"性感大雷泳装<em class=""keyword"">美女</em>23",城南瓜已熟
一段很纯粹很性感的视频～,酒酿Lily王
潘春春这身材谁不迷糊啊 正常人谁顶得住...,珺瑶穗月
涵涵车上换比基尼教学,一念痴迷
不拿观众当外人的Ainnee大姐姐,爱时尚的小阿满
"恋爱单选题性感<em class=""keyword"">美女</em>精彩合集",夜雪山音
日本写真女孩,三尺有影WUDAREN
【4K】leezy拍写真的一天,一念痴迷
"<em class=""keyword"">美女</em>！裸体按摩，舒服到飞起～",飞毛腿_摩根
"这谁顶得住？！被甜软<em class=""keyword"">美女</em>撩能做到不心动吗？【on9大挑战】",on9菌
"什么大不大的！我只想给孩子一个家！全结局【完蛋！我被<em class=""keyword"">美女</em>包围了！】",花少北丶
"<em class=""keyword"">美女</em>送走朋友后，立即和男朋友热情激吻，哇哇，你们看了千万别流口水，",这么瓜皮
【JKF杂志】2024 8月号 封面女王 | Tiny,Terry乄Lee
神级大开腿 超拉伸瑜伽,Terry乄Lee
"<em class=""keyword"">美女</em>合辑",白鸽子-_-
超级 大 乃 子 日本写真女孩 #奥村梨穗#,三尺有影WUDAREN
盘点影视剧中那些身材火辣让人馋涎欲滴的女主角们！,天空の誠
"【完蛋！我被<em class=""keyword"">美女</em>包围了】4K 最高画质 全结局 全剧情流程通关攻略 真人互动恋爱游戏 完蛋我被女友包围了 正式版【完结】",11的游戏世界
剪衣服挑战：將衬衫剪成一件洋裝 | 黑男邱比特,Terry乄Lee
真摸啊……,悦凯航
【瑜伽】每日修身学习,头像停更计划
"小伙一晚拿下三个<em class=""keyword"">美女</em>一血，竟然还不满足",家住米兰的小铁匠
写真偶像能美 真奈,YB小狼2
"手撕<em class=""keyword"">美女</em>？老黑死于下手太轻",亿剪梅
【漂亮女鬼ep.01】半夜遇见女鬼压床！,宝蓝和玩具门
"两性健康:<em class=""keyword"">美女</em>姐姐谈论女人豆豆被含着的感受，结合6位<em class=""keyword"">美女</em>的真实经历",粉色蜜语
【韩国风尚】车模小姐姐的简约穿搭分享♡Ulael,斑鸠心平气和everyday
"<em class=""keyword"">美女</em>骑脖子(保证有感觉)",香菇芽
VLOG ❤在按摩浴缸里洗个热水澡❤ ——leeesovely,小逸观察
学穿搭，征服她,Misamisaaa_a
身材超棒的韩国泳装小姐姐,不生产水的Barney
没事逗猫玩,南北有笙歌
韩国开放型男女相亲！没有摄像机真的就做了！,宝蓝和玩具门
"每日必看：<em class=""keyword"">美女</em>热舞合集",灰色的sheep
"清纯烧<em class=""keyword"">美女</em>风 既要又要还要的钓系穿搭",酒酿Lily王
"<em class=""keyword"">美女</em>热舞【宋曼可】",A美女收容所
"no one would believe it!【<em class=""keyword"">美女</em>按摩很享受】像音乐舞蹈一样",LucasTric
"宣！<em class=""keyword"">美女</em>裸体按摩",飞毛腿_摩根
"<em class=""keyword"">美女</em>合集，嗯，以前的",欧姬
"什么大不大的！我只想给孩子一个家！全结局【完蛋！我被<em class=""keyword"">美女</em>包围了！】",花少北丶
他將她后仰前抱起就熱吻，舌吻，摸摸，亲脖脖，热热吻亲，太會了，太刺激了,贪吃大肥猫
男b友们看完，都觉得很有心机的一集。,唐卡七
"性感大雷泳装<em class=""keyword"">美女</em>23",城南瓜已熟
一段很纯粹很性感的视频～,酒酿Lily王
"赐福白衣<em class=""keyword"">美女</em>杀手穿胸而过",暂伴月将影-须及
涵涵车上换比基尼教学,一念痴迷
潘春春这身材谁不迷糊啊 正常人谁顶得住...,珺瑶穗月
不拿观众当外人的Ainnee大姐姐,爱时尚的小阿满
"恋爱单选题性感<em class=""keyword"">美女</em>精彩合集",夜雪山音
日本写真女孩,三尺有影WUDAREN
【4K】leezy拍写真的一天,一念痴迷
玩的就是尺度！坚决不打马赛克！,快乐小蛋黄
"这谁顶得住？！被甜软<em class=""keyword"">美女</em>撩能做到不心动吗？【on9大挑战】",on9菌
"<em class=""keyword"">美女</em>送走朋友后，立即和男朋友热情激吻，哇哇，你们看了千万别流口水，",这么瓜皮
神级大开腿 超拉伸瑜伽,Terry乄Lee
【JKF杂志】2024 8月号 封面女王 | Tiny,Terry乄Lee
"<em class=""keyword"">美女</em>合辑",白鸽子-_-
超级 大 乃 子 日本写真女孩 #奥村梨穗#,三尺有影WUDAREN
"【完蛋！我被<em class=""keyword"">美女</em>包围了】4K 最高画质 全结局 全剧情流程通关攻略 真人互动恋爱游戏 完蛋我被女友包围了 正式版【完结】",11的游戏世界
剪衣服挑战：將衬衫剪成一件洋裝 | 黑男邱比特,Terry乄Lee
盘点影视剧中那些身材火辣让人馋涎欲滴的女主角们！,天空の誠
真摸啊……,悦凯航
【瑜伽】每日修身学习,头像停更计划
"第一视角 体验周末和<em class=""keyword"">美女</em>up宅一天 ~///❤️",玵木_Anmua-
"小伙一晚拿下三个<em class=""keyword"">美女</em>一血，竟然还不满足",家住米兰的小铁匠
"手撕<em class=""keyword"">美女</em>？老黑死于下手太轻",亿剪梅
写真偶像能美 真奈,YB小狼2
"两性健康:<em class=""keyword"">美女</em>姐姐谈论女人豆豆被含着的感受，结合6位<em class=""keyword"">美女</em>的真实经历",粉色蜜语
【漂亮女鬼ep.01】半夜遇见女鬼压床！,宝蓝和玩具门
【韩国风尚】车模小姐姐的简约穿搭分享♡Ulael,斑鸠心平气和everyday
"<em class=""keyword"">美女</em>骑脖子(保证有感觉)",香菇芽
寡妇也是女人啊，没个男人怎么受得了,影视美女收藏馆
学穿搭，征服她,Misamisaaa_a
没事逗猫玩,南北有笙歌
身材超棒的韩国泳装小姐姐,不生产水的Barney
"每日必看：<em class=""keyword"">美女</em>热舞合集",灰色的sheep
"清纯烧<em class=""keyword"">美女</em>风 既要又要还要的钓系穿搭",酒酿Lily王
"【欧美人物传】-泳池<em class=""keyword"">美女</em>Tsvetana",你妈喊你来看正能量
"<em class=""keyword"">美女</em>被男人控制脱衣服！",东方鳞
好刺激…好刺激…,追忆流逝的岁月
"<em class=""keyword"">美女</em>用胸拦车，太厉害了",逍遥东歌
"<em class=""keyword"">美女</em>合集，嗯，以前的",欧姬
"<em class=""keyword"">美女</em>高中生9片段①",古手小百合
"<em class=""keyword"">美女</em>热舞【宋曼可】",A美女收容所
【JKF杂志】2024 8月号 封面女王 | Tiny,Terry乄Lee
男b友们看完，都觉得很有心机的一集。,唐卡七
【4K】leezy拍写真的一天,一念痴迷
真是令人眼前一亮~金色超迷你 比基尼泳装 试穿 | RealassBunny,Terry乄Lee
也绝对是最飒的不知火舞了,MovieGasm
"性感大雷泳装<em class=""keyword"">美女</em>23",城南瓜已熟
"赐福白衣<em class=""keyword"">美女</em>杀手穿胸而过",暂伴月将影-须及
涵涵车上换比基尼教学,一念痴迷
潘春春这身材谁不迷糊啊 正常人谁顶得住...,珺瑶穗月
"恋爱单选题性感<em class=""keyword"">美女</em>精彩合集",夜雪山音
"小伙一晚拿下三个<em class=""keyword"">美女</em>一血，竟然还不满足",家住米兰的小铁匠
日本写真女孩,三尺有影WUDAREN
"小伙教<em class=""keyword"">美女</em>打台球，突然一个袭吻，女人完全沦陷",账号已注销
油亮亮的,喜欢涩涩的叔
"这谁顶得住？！被甜软<em class=""keyword"">美女</em>撩能做到不心动吗？【on9大挑战】",on9菌
再不点进来，可就要落后咯,Misamisaaa_a
"什么大不大的！我只想给孩子一个家！全结局【完蛋！我被<em class=""keyword"">美女</em>包围了！】",花少北丶
"<em class=""keyword"">美女</em>送走朋友后，立即和男朋友热情激吻，哇哇，你们看了千万别流口水，",这么瓜皮
"<em class=""keyword"">美女</em>合辑",白鸽子-_-
VLOG ❤在按摩浴缸里洗个热水澡❤ ——leeesovely,小逸观察
神级大开腿 超拉伸瑜伽,Terry乄Lee
超级 大 乃 子 日本写真女孩 #奥村梨穗#,三尺有影WUDAREN
写真偶像能美 真奈,YB小狼2
剪衣服挑战：將衬衫剪成一件洋裝 | 黑男邱比特,Terry乄Lee
"【完蛋！我被<em class=""keyword"">美女</em>包围了】4K 最高画质 全结局 全剧情流程通关攻略 真人互动恋爱游戏 完蛋我被女友包围了 正式版【完结】",11的游戏世界
盘点影视剧中那些身材火辣让人馋涎欲滴的女主角们！,天空の誠
学姐黑丝性感美腿 坐压排球~充电wm。坐球视频打包,辣辣sama--双shi版
"两性健康:<em class=""keyword"">美女</em>姐姐谈论女人豆豆被含着的感受，结合6位<em class=""keyword"">美女</em>的真实经历",粉色蜜语
真摸啊……,悦凯航
学穿搭，征服她,Misamisaaa_a
身材超棒的韩国泳装小姐姐,不生产水的Barney
没事逗猫玩,南北有笙歌
韩国开放型男女相亲！没有摄像机真的就做了！,宝蓝和玩具门
"每日必看：<em class=""keyword"">美女</em>热舞合集",灰色的sheep
"清纯烧<em class=""keyword"">美女</em>风 既要又要还要的钓系穿搭",酒酿Lily王
"<em class=""keyword"">美女</em>合集，嗯，以前的",欧姬
"<em class=""keyword"">美女</em>热舞【宋曼可】",A美女收容所
"宣！<em class=""keyword"">美女</em>裸体按摩",飞毛腿_摩根
"no one would believe it!【<em class=""keyword"">美女</em>按摩很享受】像音乐舞蹈一样",LucasTric
男b友们看完，都觉得很有心机的一集。,唐卡七
他將她后仰前抱起就熱吻，舌吻，摸摸，亲脖脖，热热吻亲，太會了，太刺激了,贪吃大肥猫
"性感大雷泳装<em class=""keyword"">美女</em>23",城南瓜已熟
一段很纯粹很性感的视频～,酒酿Lily王
"赐福白衣<em class=""keyword"">美女</em>杀手穿胸而过",暂伴月将影-须及
不拿观众当外人的Ainnee大姐姐,爱时尚的小阿满
"恋爱单选题性感<em class=""keyword"">美女</em>精彩合集",夜雪山音
潘春春这身材谁不迷糊啊 正常人谁顶得住...,珺瑶穗月
【4K】leezy拍写真的一天,一念痴迷
日本写真女孩,三尺有影WUDAREN
"这谁顶得住？！被甜软<em class=""keyword"">美女</em>撩能做到不心动吗？【on9大挑战】",on9菌
【JKF杂志】2024 8月号 封面女王 | Tiny,Terry乄Lee
"<em class=""keyword"">美女</em>送走朋友后，立即和男朋友热情激吻，哇哇，你们看了千万别流口水，",这么瓜皮
"什么大不大的！我只想给孩子一个家！全结局【完蛋！我被<em class=""keyword"">美女</em>包围了！】",花少北丶
神级大开腿 超拉伸瑜伽,Terry乄Lee
"<em class=""keyword"">美女</em>合辑",白鸽子-_-
超级 大 乃 子 日本写真女孩 #奥村梨穗#,三尺有影WUDAREN
"【完蛋！我被<em class=""keyword"">美女</em>包围了】4K 最高画质 全结局 全剧情流程通关攻略 真人互动恋爱游戏 完蛋我被女友包围了 正式版【完结】",11的游戏世界
剪衣服挑战：將衬衫剪成一件洋裝 | 黑男邱比特,Terry乄Lee
盘点影视剧中那些身材火辣让人馋涎欲滴的女主角们！,天空の誠
"小伙一晚拿下三个<em class=""keyword"">美女</em>一血，竟然还不满足",家住米兰的小铁匠
真摸啊……,悦凯航
【瑜伽】每日修身学习,头像停更计划
韩模 Yang Yuna | 比基尼泳装写真~虽是科技但很慷慨,Terry乄Lee
写真偶像能美 真奈,YB小狼2
"手撕<em class=""keyword"">美女</em>？老黑死于下手太轻",亿剪梅
"两性健康:<em class=""keyword"">美女</em>姐姐谈论女人豆豆被含着的感受，结合6位<em class=""keyword"">美女</em>的真实经历",粉色蜜语
【漂亮女鬼ep.01】半夜遇见女鬼压床！,宝蓝和玩具门
【韩国风尚】车模小姐姐的简约穿搭分享♡Ulael,斑鸠心平气和everyday
"<em class=""keyword"">美女</em>骑脖子(保证有感觉)",香菇芽
VLOG ❤在按摩浴缸里洗个热水澡❤ ——leeesovely,小逸观察
"韩国<em class=""keyword"">美女</em>  室内试装 白色抹胸",狮子风神
学穿搭，征服她,Misamisaaa_a
身材超棒的韩国泳装小姐姐,不生产水的Barney
没事逗猫玩,南北有笙歌
韩国开放型男女相亲！没有摄像机真的就做了！,宝蓝和玩具门
"每日必看：<em class=""keyword"">美女</em>热舞合集",灰色的sheep
"清纯烧<em class=""keyword"">美女</em>风 既要又要还要的钓系穿搭",酒酿Lily王
"【欧美人物传】-泳池<em class=""keyword"">美女</em>Tsvetana",你妈喊你来看正能量
"<em class=""keyword"">美女</em>被男人控制脱衣服！",东方鳞
一段很纯粹很性感的视频～,酒酿Lily王
"<em class=""keyword"">美女</em>用胸拦车，太厉害了",逍遥东歌
"宣！<em class=""keyword"">美女</em>裸体按摩",飞毛腿_摩根
"<em class=""keyword"">美女</em>高中生9片段①",古手小百合
"<em class=""keyword"">美女</em>合集，嗯，以前的",欧姬
"<em class=""keyword"">美女</em>热舞【宋曼可】",A美女收容所
"no one would believe it!【<em class=""keyword"">美女</em>按摩很享受】像音乐舞蹈一样",LucasTric
男b友们看完，都觉得很有心机的一集。,唐卡七
他將她后仰前抱起就熱吻，舌吻，摸摸，亲脖脖，热热吻亲，太會了，太刺激了,贪吃大肥猫
泳装 ❤像青蛙一样戏水❤ ——leeesovely,小逸观察
"性感大雷泳装<em class=""keyword"">美女</em>23",城南瓜已熟
原来大的真的可以反弹,多放香菜多放醋
"恋爱单选题性感<em class=""keyword"">美女</em>精彩合集",夜雪山音
不拿观众当外人的Ainnee大姐姐,爱时尚的小阿满
日本写真女孩,三尺有影WUDAREN
【4K】leezy拍写真的一天,一念痴迷
"这谁顶得住？！被甜软<em class=""keyword"">美女</em>撩能做到不心动吗？【on9大挑战】",on9菌
"<em class=""keyword"">美女</em>送走朋友后，立即和男朋友热情激吻，哇哇，你们看了千万别流口水，",这么瓜皮
【JKF杂志】2024 8月号 封面女王 | Tiny,Terry乄Lee
神级大开腿 超拉伸瑜伽,Terry乄Lee
"什么大不大的！我只想给孩子一个家！全结局【完蛋！我被<em class=""keyword"">美女</em>包围了！】",花少北丶
超级 大 乃 子 日本写真女孩 #奥村梨穗#,三尺有影WUDAREN
我是一秒都不敢快进啊,风间Exo
"【完蛋！我被<em class=""keyword"">美女</em>包围了】4K 最高画质 全结局 全剧情流程通关攻略 真人互动恋爱游戏 完蛋我被女友包围了 正式版【完结】",11的游戏世界
剪衣服挑战：將衬衫剪成一件洋裝 | 黑男邱比特,Terry乄Lee
"小伙一晚拿下三个<em class=""keyword"">美女</em>一血，竟然还不满足",家住米兰的小铁匠
【瑜伽】每日修身学习,头像停更计划
"手撕<em class=""keyword"">美女</em>？老黑死于下手太轻",亿剪梅
写真偶像能美 真奈,YB小狼2
【漂亮女鬼ep.01】半夜遇见女鬼压床！,宝蓝和玩具门
"两性健康:<em class=""keyword"">美女</em>姐姐谈论女人豆豆被含着的感受，结合6位<em class=""keyword"">美女</em>的真实经历",粉色蜜语
【韩国风尚】车模小姐姐的简约穿搭分享♡Ulael,斑鸠心平气和everyday
"<em class=""keyword"">美女</em>骑脖子(保证有感觉)",香菇芽
VLOG ❤在按摩浴缸里洗个热水澡❤ ——leeesovely,小逸观察
身材超棒的韩国泳装小姐姐,不生产水的Barney
没事逗猫玩,南北有笙歌
韩国开放型男女相亲！没有摄像机真的就做了！,宝蓝和玩具门
更衣,YuiLov
"每日必看：<em class=""keyword"">美女</em>热舞合集",灰色的sheep
寡妇也是女人啊，没个男人怎么受得了,影视美女收藏馆
"清纯烧<em class=""keyword"">美女</em>风 既要又要还要的钓系穿搭",酒酿Lily王
"宣！<em class=""keyword"">美女</em>裸体按摩",飞毛腿_摩根
"<em class=""keyword"">美女</em>合集，嗯，以前的",欧姬
"<em class=""keyword"">美女</em>高中生9片段①",古手小百合
"no one would believe it!【<em class=""keyword"">美女</em>按摩很享受】像音乐舞蹈一样",LucasTric
"<em class=""keyword"">美女</em>热舞【宋曼可】",A美女收容所
男b友们看完，都觉得很有心机的一集。,唐卡七
他將她后仰前抱起就熱吻，舌吻，摸摸，亲脖脖，热热吻亲，太會了，太刺激了,贪吃大肥猫
"性感大雷泳装<em class=""keyword"">美女</em>23",城南瓜已熟
一段很纯粹很性感的视频～,酒酿Lily王
"老婆还在门外就和黑丝<em class=""keyword"">美女</em>上司开摸...",阔爱的小兔酱
"赐福白衣<em class=""keyword"">美女</em>杀手穿胸而过",暂伴月将影-须及
不拿观众当外人的Ainnee大姐姐,爱时尚的小阿满
潘春春这身材谁不迷糊啊 正常人谁顶得住...,珺瑶穗月
"恋爱单选题性感<em class=""keyword"">美女</em>精彩合集",夜雪山音
日本写真女孩,三尺有影WUDAREN
【4K】leezy拍写真的一天,一念痴迷
"什么大不大的！我只想给孩子一个家！全结局【完蛋！我被<em class=""keyword"">美女</em>包围了！】",花少北丶
"<em class=""keyword"">美女</em>送走朋友后，立即和男朋友热情激吻，哇哇，你们看了千万别流口水，",这么瓜皮
"这谁顶得住？！被甜软<em class=""keyword"">美女</em>撩能做到不心动吗？【on9大挑战】",on9菌
【JKF杂志】2024 8月号 封面女王 | Tiny,Terry乄Lee
"<em class=""keyword"">美女</em>合辑",白鸽子-_-
神级大开腿 超拉伸瑜伽,Terry乄Lee
超级 大 乃 子 日本写真女孩 #奥村梨穗#,三尺有影WUDAREN
"【完蛋！我被<em class=""keyword"">美女</em>包围了】4K 最高画质 全结局 全剧情流程通关攻略 真人互动恋爱游戏 完蛋我被女友包围了 正式版【完结】",11的游戏世界
剪衣服挑战：將衬衫剪成一件洋裝 | 黑男邱比特,Terry乄Lee
盘点影视剧中那些身材火辣让人馋涎欲滴的女主角们！,天空の誠
"小伙一晚拿下三个<em class=""keyword"">美女</em>一血，竟然还不满足",家住米兰的小铁匠
【瑜伽】每日修身学习,头像停更计划
真摸啊……,悦凯航
"两性健康:<em class=""keyword"">美女</em>姐姐谈论女人豆豆被含着的感受，结合6位<em class=""keyword"">美女</em>的真实经历",粉色蜜语
"手撕<em class=""keyword"">美女</em>？老黑死于下手太轻",亿剪梅
写真偶像能美 真奈,YB小狼2
就问你能不能顶地住,废柴80后
"<em class=""keyword"">美女</em>骑脖子(保证有感觉)",香菇芽
【漂亮女鬼ep.01】半夜遇见女鬼压床！,宝蓝和玩具门
身材超棒的韩国泳装小姐姐,不生产水的Barney
没事逗猫玩,南北有笙歌
韩国开放型男女相亲！没有摄像机真的就做了！,宝蓝和玩具门
更衣,YuiLov
"每日必看：<em class=""keyword"">美女</em>热舞合集",灰色的sheep
寡妇也是女人啊，没个男人怎么受得了,影视美女收藏馆
"清纯烧<em class=""keyword"">美女</em>风 既要又要还要的钓系穿搭",酒酿Lily王
"宣！<em class=""keyword"">美女</em>裸体按摩",飞毛腿_摩根
"no one would believe it!【<em class=""keyword"">美女</em>按摩很享受】像音乐舞蹈一样",LucasTric
"<em class=""keyword"">美女</em>高中生9片段①",古手小百合
他將她后仰前抱起就熱吻，舌吻，摸摸，亲脖脖，热热吻亲，太會了，太刺激了,贪吃大肥猫
男b友们看完，都觉得很有心机的一集。,唐卡七
"性感大雷泳装<em class=""keyword"">美女</em>23",城南瓜已熟
一段很纯粹很性感的视频～,酒酿Lily王
"赐福白衣<em class=""keyword"">美女</em>杀手穿胸而过",暂伴月将影-须及
涵涵车上换比基尼教学,一念痴迷
潘春春这身材谁不迷糊啊 正常人谁顶得住...,珺瑶穗月
不拿观众当外人的Ainnee大姐姐,爱时尚的小阿满
"恋爱单选题性感<em class=""keyword"">美女</em>精彩合集",夜雪山音
日本写真女孩,三尺有影WUDAREN
【4K】leezy拍写真的一天,一念痴迷
"什么大不大的！我只想给孩子一个家！全结局【完蛋！我被<em class=""keyword"">美女</em>包围了！】",花少北丶
【JKF杂志】2024 8月号 封面女王 | Tiny,Terry乄Lee
"<em class=""keyword"">美女</em>送走朋友后，立即和男朋友热情激吻，哇哇，你们看了千万别流口水，",这么瓜皮
神级大开腿 超拉伸瑜伽,Terry乄Lee
"这谁顶得住？！被甜软<em class=""keyword"">美女</em>撩能做到不心动吗？【on9大挑战】",on9菌
"<em class=""keyword"">美女</em>合辑",白鸽子-_-
超级 大 乃 子 日本写真女孩 #奥村梨穗#,三尺有影WUDAREN
"【完蛋！我被<em class=""keyword"">美女</em>包围了】4K 最高画质 全结局 全剧情流程通关攻略 真人互动恋爱游戏 完蛋我被女友包围了 正式版【完结】",11的游戏世界
剪衣服挑战：將衬衫剪成一件洋裝 | 黑男邱比特,Terry乄Lee
盘点影视剧中那些身材火辣让人馋涎欲滴的女主角们！,天空の誠
真摸啊……,悦凯航
【瑜伽】每日修身学习,头像停更计划
"小伙一晚拿下三个<em class=""keyword"">美女</em>一血，竟然还不满足",家住米兰的小铁匠
"两性健康:<em class=""keyword"">美女</em>姐姐谈论女人豆豆被含着的感受，结合6位<em class=""keyword"">美女</em>的真实经历",粉色蜜语
写真偶像能美 真奈,YB小狼2
"手撕<em class=""keyword"">美女</em>？老黑死于下手太轻",亿剪梅
"<em class=""keyword"">美女</em>骑脖子(保证有感觉)",香菇芽
【漂亮女鬼ep.01】半夜遇见女鬼压床！,宝蓝和玩具门
【韩国风尚】车模小姐姐的简约穿搭分享♡Ulael,斑鸠心平气和everyday
VLOG ❤在按摩浴缸里洗个热水澡❤ ——leeesovely,小逸观察
"韩国<em class=""keyword"">美女</em>  室内试装 白色抹胸",狮子风神
没事逗猫玩,南北有笙歌
韩国开放型男女相亲！没有摄像机真的就做了！,宝蓝和玩具门
更衣,YuiLov
"【写真】满足你对<em class=""keyword"">美女</em>的所有幻想!",泠泠云那
"每日必看：<em class=""keyword"">美女</em>热舞合集",灰色的sheep
寡妇也是女人啊，没个男人怎么受得了,影视美女收藏馆
"清纯烧<em class=""keyword"">美女</em>风 既要又要还要的钓系穿搭",酒酿Lily王
"<em class=""keyword"">美女</em>高中生9片段①",古手小百合
"<em class=""keyword"">美女</em>合集，嗯，以前的",欧姬
"<em class=""keyword"">美女</em>热舞【宋曼可】",A美女收容所
"no one would believe it!【<em class=""keyword"">美女</em>按摩很享受】像音乐舞蹈一样",LucasTric
男b友们看完，都觉得很有心机的一集。,唐卡七
他將她后仰前抱起就熱吻，舌吻，摸摸，亲脖脖，热热吻亲，太會了，太刺激了,贪吃大肥猫
"性感大雷泳装<em class=""keyword"">美女</em>23",城南瓜已熟
一段很纯粹很性感的视频～,酒酿Lily王
"老婆还在门外就和黑丝<em class=""keyword"">美女</em>上司开摸...",阔爱的小兔酱
"赐福白衣<em class=""keyword"">美女</em>杀手穿胸而过",暂伴月将影-须及
潘春春这身材谁不迷糊啊 正常人谁顶得住...,珺瑶穗月
"恋爱单选题性感<em class=""keyword"">美女</em>精彩合集",夜雪山音
不拿观众当外人的Ainnee大姐姐,爱时尚的小阿满
日本写真女孩,三尺有影WUDAREN
【4K】leezy拍写真的一天,一念痴迷
"这谁顶得住？！被甜软<em class=""keyword"">美女</em>撩能做到不心动吗？【on9大挑战】",on9菌
"<em class=""keyword"">美女</em>送走朋友后，立即和男朋友热情激吻，哇哇，你们看了千万别流口水，",这么瓜皮
神级大开腿 超拉伸瑜伽,Terry乄Lee
"<em class=""keyword"">美女</em>合辑",白鸽子-_-
【JKF杂志】2024 8月号 封面女王 | Tiny,Terry乄Lee
"什么大不大的！我只想给孩子一个家！全结局【完蛋！我被<em class=""keyword"">美女</em>包围了！】",花少北丶
超级 大 乃 子 日本写真女孩 #奥村梨穗#,三尺有影WUDAREN
"【完蛋！我被<em class=""keyword"">美女</em>包围了】4K 最高画质 全结局 全剧情流程通关攻略 真人互动恋爱游戏 完蛋我被女友包围了 正式版【完结】",11的游戏世界
剪衣服挑战：將衬衫剪成一件洋裝 | 黑男邱比特,Terry乄Lee
盘点影视剧中那些身材火辣让人馋涎欲滴的女主角们！,天空の誠
真摸啊……,悦凯航
"小伙一晚拿下三个<em class=""keyword"">美女</em>一血，竟然还不满足",家住米兰的小铁匠
【瑜伽】每日修身学习,头像停更计划
"手撕<em class=""keyword"">美女</em>？老黑死于下手太轻",亿剪梅
韩模 Yang Yuna | 比基尼泳装写真~虽是科技但很慷慨,Terry乄Lee
写真偶像能美 真奈,YB小狼2
【漂亮女鬼ep.01】半夜遇见女鬼压床！,宝蓝和玩具门
"两性健康:<em class=""keyword"">美女</em>姐姐谈论女人豆豆被含着的感受，结合6位<em class=""keyword"">美女</em>的真实经历",粉色蜜语
【韩国风尚】车模小姐姐的简约穿搭分享♡Ulael,斑鸠心平气和everyday
"<em class=""keyword"">美女</em>骑脖子(保证有感觉)",香菇芽
学穿搭，征服她,Misamisaaa_a
身材超棒的韩国泳装小姐姐,不生产水的Barney
没事逗猫玩,南北有笙歌
韩国开放型男女相亲！没有摄像机真的就做了！,宝蓝和玩具门
"每日必看：<em class=""keyword"">美女</em>热舞合集",灰色的sheep
寡妇也是女人啊，没个男人怎么受得了,影视美女收藏馆
"清纯烧<em class=""keyword"">美女</em>风 既要又要还要的钓系穿搭",酒酿Lily王
"【欧美人物传】-泳池<em class=""keyword"">美女</em>Tsvetana",你妈喊你来看正能量
"<em class=""keyword"">美女</em>被男人控制脱衣服！",东方鳞
"<em class=""keyword"">美女</em>用胸拦车，太厉害了",逍遥东歌
一段很纯粹很性感的视频～,酒酿Lily王
"<em class=""keyword"">美女</em>高中生9片段①",古手小百合
"<em class=""keyword"">美女</em>热舞【宋曼可】",A美女收容所
"宣！<em class=""keyword"">美女</em>裸体按摩",飞毛腿_摩根
"no one would believe it!【<em class=""keyword"">美女</em>按摩很享受】像音乐舞蹈一样",LucasTric
"<em class=""keyword"">美女</em>合集，嗯，以前的",欧姬
男b友们看完，都觉得很有心机的一集。,唐卡七
他將她后仰前抱起就熱吻，舌吻，摸摸，亲脖脖，热热吻亲，太會了，太刺激了,贪吃大肥猫
原来大的真的可以反弹,多放香菜多放醋
泳装 ❤像青蛙一样戏水❤ ——leeesovely,小逸观察
"老婆还在门外就和黑丝<em class=""keyword"">美女</em>上司开摸...",阔爱的小兔酱
"性感大雷泳装<em class=""keyword"">美女</em>23",城南瓜已熟
不拿观众当外人的Ainnee大姐姐,爱时尚的小阿满
"恋爱单选题性感<em class=""keyword"">美女</em>精彩合集",夜雪山音
【4K】leezy拍写真的一天,一念痴迷
日本写真女孩,三尺有影WUDAREN
"这谁顶得住？！被甜软<em class=""keyword"">美女</em>撩能做到不心动吗？【on9大挑战】",on9菌
"什么大不大的！我只想给孩子一个家！全结局【完蛋！我被<em class=""keyword"">美女</em>包围了！】",花少北丶
【JKF杂志】2024 8月号 封面女王 | Tiny,Terry乄Lee
"<em class=""keyword"">美女</em>送走朋友后，立即和男朋友热情激吻，哇哇，你们看了千万别流口水，",这么瓜皮
神级大开腿 超拉伸瑜伽,Terry乄Lee
超级 大 乃 子 日本写真女孩 #奥村梨穗#,三尺有影WUDAREN
我是一秒都不敢快进啊,风间Exo
剪衣服挑战：將衬衫剪成一件洋裝 | 黑男邱比特,Terry乄Lee
"【完蛋！我被<em class=""keyword"">美女</em>包围了】4K 最高画质 全结局 全剧情流程通关攻略 真人互动恋爱游戏 完蛋我被女友包围了 正式版【完结】",11的游戏世界
"小伙一晚拿下三个<em class=""keyword"">美女</em>一血，竟然还不满足",家住米兰的小铁匠
韩模 Yang Yuna | 比基尼泳装写真~虽是科技但很慷慨,Terry乄Lee
"两性健康:<em class=""keyword"">美女</em>姐姐谈论女人豆豆被含着的感受，结合6位<em class=""keyword"">美女</em>的真实经历",粉色蜜语
"手撕<em class=""keyword"">美女</em>？老黑死于下手太轻",亿剪梅
【瑜伽】每日修身学习,头像停更计划
写真偶像能美 真奈,YB小狼2
"<em class=""keyword"">美女</em>骑脖子(保证有感觉)",香菇芽
